signal_id,ehtimollik
SG_000001,0.1572866439819336
SG_000007,0.2085054963827133
SG_000009,0.1222149431705474
SG_000010,0.0987922400236129
SG_000011,0.0864777639508247
SG_000018,0.194803774356842
SG_000024,0.1960160136222839
SG_000026,0.1333626210689544
SG_000032,0.1875866502523422
SG_000033,0.2389430552721023
SG_000034,0.1263183504343032
SG_000036,0.1469151526689529
SG_000039,0.1544879227876663
SG_000048,0.1573661863803863
SG_000049,0.194243311882019
SG_000050,0.2471883594989776
SG_000053,0.0754042789340019
SG_000054,0.1941429674625396
SG_000055,0.1893477588891983
SG_000058,0.1669010370969772
SG_000059,0.2069028317928314
SG_000061,0.1758177131414413
SG_000062,0.192463681101799
SG_000072,0.1821946054697036
SG_000073,0.1545249968767166
SG_000075,0.1936644315719604
SG_000080,0.2319564372301101
SG_000081,0.1918953359127044
SG_000083,0.0988030657172203
SG_000086,0.2136398553848266
SG_000087,0.2988050282001495
SG_000092,0.1770916432142257
SG_000099,0.2426500916481018
SG_000100,0.1395209282636642
SG_000105,0.143467977643013
SG_000106,0.1971869319677353
SG_000107,0.0639792010188102
SG_000118,0.1929477751255035
SG_000120,0.1697523593902588
SG_000125,0.1393978297710418
SG_000129,0.1527080982923507
SG_000137,0.1570509374141693
SG_000146,0.1699220836162567
SG_000147,0.1972043514251709
SG_000149,0.211827665567398
SG_000153,0.19252909719944
SG_000161,0.1364046931266784
SG_000163,0.1031581088900566
SG_000165,0.2204859554767608
SG_000173,0.1264433562755584
SG_000178,0.1530685871839523
SG_000179,0.1756633222103119
SG_000187,0.3192233443260193
SG_000192,0.0723536759614944
SG_000193,0.2050128877162933
SG_000195,0.1306677013635635
SG_000196,0.2019701302051544
SG_000201,0.1234128028154373
SG_000203,0.141414925456047
SG_000205,0.2993874549865722
SG_000207,0.1762002557516098
SG_000211,0.1765576899051666
SG_000214,0.1479319781064987
SG_000217,0.0741172358393669
SG_000218,0.3081608414649963
SG_000219,0.1780729740858078
SG_000227,0.1412803679704666
SG_000229,0.1370619237422943
SG_000232,0.169209599494934
SG_000240,0.1519303917884826
SG_000242,0.2455968260765075
SG_000244,0.1792412549257278
SG_000246,0.1653186231851577
SG_000250,0.1805393546819687
SG_000253,0.1967356204986572
SG_000262,0.1689499914646148
SG_000269,0.2741025388240814
SG_000270,0.1506863385438919
SG_000271,0.2544013559818268
SG_000284,0.214121475815773
SG_000286,0.1988681107759475
SG_000287,0.1314678341150283
SG_000290,0.3584788739681244
SG_000291,0.1348603367805481
SG_000301,0.171344444155693
SG_000302,0.1907259374856948
SG_000304,0.1289414763450622
SG_000306,0.2433440834283828
SG_000309,0.1141354814171791
SG_000314,0.1653825640678405
SG_000319,0.22154101729393
SG_000320,0.134031742811203
SG_000321,0.1721163094043731
SG_000325,0.166346862912178
SG_000328,0.1662205308675766
SG_000329,0.1481399685144424
SG_000333,0.1928540617227554
SG_000334,0.1869009435176849
SG_000335,0.1651845574378967
SG_000339,0.075701005756855
SG_000341,0.1188607811927795
SG_000345,0.2495897263288498
SG_000347,0.1592836827039718
SG_000349,0.1166117116808891
SG_000350,0.1140243262052536
SG_000351,0.1167346537113189
SG_000357,0.1584770530462265
SG_000360,0.2038293778896331
SG_000366,0.3096818029880523
SG_000368,0.1928155571222305
SG_000370,0.1516656130552292
SG_000378,0.1451752185821533
SG_000386,0.1739027798175811
SG_000394,0.1431455463171005
SG_000395,0.1359972804784774
SG_000397,0.2762234508991241
SG_000398,0.147689551115036
SG_000401,0.1950564384460449
SG_000402,0.1608220785856247
SG_000414,0.1929496675729751
SG_000415,0.2169439643621444
SG_000419,0.2006670832633972
SG_000420,0.1972635835409164
SG_000422,0.2473264336585998
SG_000425,0.1740327328443527
SG_000430,0.1324825435876846
SG_000431,0.0921301692724227
SG_000435,0.0685676485300064
SG_000436,0.1299761086702346
SG_000440,0.1579603403806686
SG_000444,0.1407189071178436
SG_000450,0.1586818546056747
SG_000452,0.1473972648382187
SG_000454,0.1569779515266418
SG_000460,0.2008798867464065
SG_000462,0.1352768242359161
SG_000471,0.1604047566652298
SG_000474,0.1825012862682342
SG_000475,0.2155236899852752
SG_000476,0.147320955991745
SG_000480,0.1618393808603286
SG_000482,0.2428164184093475
SG_000484,0.2216026335954666
SG_000487,0.2192004472017288
SG_000488,0.2224361002445221
SG_000494,0.2406744062900543
SG_000496,0.1661748439073562
SG_000497,0.1022820472717285
SG_000498,0.1504835337400436
SG_000501,0.170536607503891
SG_000506,0.1171042993664741
SG_000511,0.1395735144615173
SG_000513,0.1035589426755905
SG_000524,0.1430580914020538
SG_000526,0.1673468351364135
SG_000527,0.1456672549247741
SG_000530,0.1743999421596527
SG_000535,0.1690744459629058
SG_000536,0.1839209944009781
SG_000551,0.1895032972097396
SG_000561,0.2646753787994385
SG_000563,0.3381034135818481
SG_000567,0.1928652077913284
SG_000572,0.2013439983129501
SG_000580,0.1593915373086929
SG_000583,0.1723323166370391
SG_000585,0.2310832887887954
SG_000588,0.125542864203453
SG_000591,0.1710326075553894
SG_000593,0.148683100938797
SG_000594,0.1712317466735839
SG_000598,0.1208823323249816
SG_000603,0.1315370351076126
SG_000610,0.1309953331947326
SG_000614,0.1259593069553375
SG_000615,0.1776979863643646
SG_000616,0.1176324635744094
SG_000617,0.1509021818637848
SG_000619,0.0945567339658737
SG_000621,0.2073768973350525
SG_000629,0.1977846026420593
SG_000633,0.1825805157423019
SG_000634,0.1868583261966705
SG_000638,0.1635059416294098
SG_000640,0.2179116606712341
SG_000643,0.1837833672761917
SG_000646,0.3386900126934051
SG_000648,0.1482961624860763
SG_000657,0.1275418847799301
SG_000662,0.1771891862154007
SG_000665,0.1414960026741027
SG_000666,0.1619564145803451
SG_000672,0.1130747199058532
SG_000674,0.1891781389713287
SG_000677,0.1449203640222549
SG_000678,0.2162190079689026
SG_000679,0.1334215253591537
SG_000691,0.2067474424839019
SG_000692,0.1747521013021469
SG_000693,0.1306956559419632
SG_000695,0.225743681192398
SG_000696,0.1820130050182342
SG_000698,0.0715626999735832
SG_000706,0.1523959934711456
SG_000709,0.1658794730901718
SG_000713,0.1506067216396331
SG_000716,0.1470917314291
SG_000717,0.0756933614611625
SG_000719,0.1808348298072815
SG_000722,0.2744748294353485
SG_000727,0.1711721271276474
SG_000734,0.2283332198858261
SG_000737,0.1310258507728576
SG_000739,0.1538653820753097
SG_000742,0.2006958127021789
SG_000743,0.1527728289365768
SG_000750,0.1753281950950622
SG_000751,0.22487872838974
SG_000759,0.2418510019779205
SG_000762,0.170755386352539
SG_000764,0.1582671999931335
SG_000768,0.0978468134999275
SG_000769,0.2043731361627578
SG_000770,0.1673392206430435
SG_000788,0.2804840505123138
SG_000790,0.1467088758945465
SG_000797,0.166541501879692
SG_000798,0.0947373062372207
SG_000799,0.1900496929883957
SG_000802,0.193976953625679
SG_000803,0.3537069857120514
SG_000809,0.205392986536026
SG_000811,0.1311589777469635
SG_000812,0.2434986680746078
SG_000816,0.3306899964809418
SG_000817,0.1476542502641677
SG_000820,0.138531744480133
SG_000821,0.1108874827623367
SG_000826,0.2173761427402496
SG_000840,0.2210851609706878
SG_000849,0.2373747676610946
SG_000851,0.1364189386367797
SG_000856,0.1041689291596412
SG_000857,0.163910299539566
SG_000864,0.1007522493600845
SG_000865,0.1101539582014083
SG_000875,0.1776542365550995
SG_000883,0.1694044768810272
SG_000888,0.1837548315525055
SG_000889,0.2023649364709854
SG_000890,0.1634019464254379
SG_000891,0.1378343403339386
SG_000903,0.1679596602916717
SG_000907,0.1183460801839828
SG_000909,0.1085912957787513
SG_000910,0.1685472428798675
SG_000911,0.1890101581811905
SG_000912,0.2102293372154235
SG_000913,0.2508351504802704
SG_000917,0.1666396707296371
SG_000920,0.2235586196184158
SG_000928,0.0722674205899238
SG_000934,0.1165811493992805
SG_000935,0.3084163963794708
SG_000938,0.1675547659397125
SG_000940,0.1458690762519836
SG_000943,0.1775127351284027
SG_000945,0.1628430783748626
SG_000946,0.1462880671024322
SG_000948,0.1786476969718933
SG_000950,0.1686581522226333
SG_000954,0.1649811863899231
SG_000959,0.2190635353326797
SG_000963,0.1529271155595779
SG_000965,0.1595175117254257
SG_000968,0.1611513942480087
SG_000970,0.2538817226886749
SG_000973,0.0772585496306419
SG_000975,0.1184279546141624
SG_000977,0.1020080670714378
SG_000980,0.2795998454093933
SG_000981,0.2200580388307571
SG_000985,0.1836837232112884
SG_000987,0.191593512892723
SG_000988,0.1539241671562194
SG_000990,0.1656657755374908
SG_000991,0.2375062555074691
SG_001002,0.2170515209436416
SG_001004,0.2170960754156112
SG_001009,0.2035471946001052
SG_001010,0.1747119724750518
SG_001014,0.1515258401632309
SG_001023,0.1658984422683715
SG_001027,0.0700025409460067
SG_001028,0.2277628481388092
SG_001030,0.163092628121376
SG_001031,0.215204656124115
SG_001032,0.1303419023752212
SG_001042,0.1784836798906326
SG_001048,0.1391226202249527
SG_001049,0.1204982474446296
SG_001052,0.1698466390371322
SG_001058,0.1461013704538345
SG_001060,0.1308210641145706
SG_001066,0.170275017619133
SG_001067,0.1978762745857238
SG_001070,0.1479140222072601
SG_001071,0.1436073780059814
SG_001075,0.0949683710932731
SG_001076,0.185221865773201
SG_001078,0.1544707864522934
SG_001081,0.2072139233350753
SG_001085,0.1107985526323318
SG_001086,0.1333837211132049
SG_001100,0.1167543530464172
SG_001101,0.0754520744085311
SG_001102,0.2090554982423782
SG_001106,0.1451781839132309
SG_001107,0.1121867597103118
SG_001108,0.1691028624773025
SG_001109,0.1139327511191368
SG_001111,0.2219869941473007
SG_001117,0.2417673021554947
SG_001121,0.1540365666151046
SG_001123,0.1829481869935989
SG_001125,0.1839280128479004
SG_001126,0.3158828020095825
SG_001128,0.1502003520727157
SG_001133,0.1419884413480758
SG_001135,0.1812654733657837
SG_001143,0.3438304364681244
SG_001153,0.099210113286972
SG_001155,0.254028171300888
SG_001157,0.171821117401123
SG_001159,0.1495296061038971
SG_001161,0.226850688457489
SG_001163,0.0821505188941955
SG_001167,0.3167638480663299
SG_001180,0.2046878188848495
SG_001181,0.3313971161842346
SG_001182,0.160392090678215
SG_001184,0.2137499004602432
SG_001188,0.147791787981987
SG_001190,0.214541345834732
SG_001192,0.2016439139842987
SG_001196,0.2378140240907669
SG_001201,0.2295048534870147
SG_001202,0.0577115528285503
SG_001203,0.1950305700302124
SG_001205,0.11331108212471
SG_001208,0.2112827450037002
SG_001210,0.1668157577514648
SG_001211,0.1695034503936767
SG_001213,0.2037130743265152
SG_001215,0.2568080723285675
SG_001217,0.1982219964265823
SG_001225,0.1978870779275894
SG_001226,0.158704400062561
SG_001229,0.1651925593614578
SG_001230,0.1625163108110427
SG_001236,0.1825483590364456
SG_001237,0.072333738207817
SG_001243,0.2610055804252624
SG_001245,0.1434368193149566
SG_001248,0.1170651838183403
SG_001252,0.1360113322734832
SG_001255,0.2915175259113312
SG_001257,0.1828743070363998
SG_001262,0.1706410944461822
SG_001264,0.1738903820514679
SG_001267,0.1408185213804245
SG_001279,0.0497212074697017
SG_001285,0.1597034633159637
SG_001287,0.1305613368749618
SG_001293,0.2047944813966751
SG_001296,0.1994393020868301
SG_001298,0.1517017781734466
SG_001303,0.1270311325788498
SG_001305,0.1181962862610817
SG_001306,0.1463576555252075
SG_001309,0.2406452894210815
SG_001312,0.1411694139242172
SG_001313,0.1407642662525177
SG_001314,0.1778162270784378
SG_001316,0.1463508605957031
SG_001318,0.1049610674381256
SG_001319,0.1554077565670013
SG_001321,0.2183347046375274
SG_001322,0.2208007723093032
SG_001327,0.1091100201010704
SG_001331,0.1495487093925476
SG_001335,0.1441877633333206
SG_001336,0.2253135442733764
SG_001349,0.1942258477210998
SG_001350,0.1877641677856445
SG_001352,0.194401815533638
SG_001354,0.1561373621225357
SG_001361,0.1561954170465469
SG_001362,0.2505203783512115
SG_001364,0.1697175204753875
SG_001374,0.189120665192604
SG_001389,0.1516874581575393
SG_001390,0.0868093594908714
SG_001395,0.2036066353321075
SG_001397,0.1564107984304428
SG_001401,0.1803631484508514
SG_001402,0.2065025120973587
SG_001405,0.1624179631471634
SG_001412,0.1853681057691574
SG_001415,0.1993332058191299
SG_001419,0.127100870013237
SG_001421,0.2100142836570739
SG_001423,0.1495852768421173
SG_001432,0.191942885518074
SG_001433,0.1109483391046524
SG_001441,0.2573641240596771
SG_001446,0.1148327142000198
SG_001447,0.1599492281675338
SG_001448,0.0755338668823242
SG_001453,0.1288461089134216
SG_001458,0.1435301005840301
SG_001465,0.1483962535858154
SG_001469,0.2449542731046676
SG_001470,0.1341747641563415
SG_001472,0.2138580083847046
SG_001476,0.1490389257669448
SG_001478,0.3051180839538574
SG_001480,0.2914852797985077
SG_001484,0.139448195695877
SG_001487,0.1878649145364761
SG_001493,0.1838557124137878
SG_001494,0.2878464162349701
SG_001500,0.2035727947950363
SG_001505,0.2070823162794113
SG_001506,0.148770272731781
SG_001510,0.1081452146172523
SG_001514,0.2081418484449386
SG_001520,0.1389280557632446
SG_001525,0.2078106999397277
SG_001527,0.1533068120479583
SG_001528,0.1607750058174133
SG_001529,0.1186480894684791
SG_001531,0.2014919966459274
SG_001541,0.286465436220169
SG_001542,0.1391209065914154
SG_001543,0.2559633553028106
SG_001545,0.1534469872713089
SG_001549,0.1852138638496399
SG_001557,0.128740444779396
SG_001558,0.2368683218955993
SG_001561,0.2574244141578674
SG_001562,0.0704799741506576
SG_001563,0.209170401096344
SG_001567,0.1487943530082702
SG_001568,0.1792778372764587
SG_001569,0.1460559070110321
SG_001570,0.1503448039293289
SG_001571,0.1851407885551452
SG_001572,0.2821744680404663
SG_001573,0.1377400755882263
SG_001576,0.2232309430837631
SG_001584,0.1857969313859939
SG_001590,0.2137949466705322
SG_001591,0.0889729633927345
SG_001592,0.0986586809158325
SG_001595,0.1236358284950256
SG_001601,0.1884137094020843
SG_001604,0.2188036888837814
SG_001609,0.2164441049098968
SG_001610,0.2512557506561279
SG_001612,0.1499745845794677
SG_001613,0.1923823058605194
SG_001615,0.126562163233757
SG_001623,0.1627736091613769
SG_001624,0.1333026885986328
SG_001631,0.1754804402589798
SG_001634,0.174929141998291
SG_001636,0.3380438983440399
SG_001638,0.2592691481113434
SG_001647,0.1934442967176437
SG_001650,0.1776197701692581
SG_001653,0.2101498246192932
SG_001654,0.2040993869304657
SG_001658,0.2310818880796432
SG_001663,0.1650825291872024
SG_001667,0.0980916619300842
SG_001668,0.1425941437482834
SG_001670,0.0808784514665603
SG_001683,0.1000739634037017
SG_001686,0.2056712955236435
SG_001688,0.1911473721265792
SG_001689,0.0988162532448768
SG_001698,0.2013111114501953
SG_001704,0.172472283244133
SG_001711,0.2160817086696624
SG_001719,0.1425613611936569
SG_001720,0.0791682377457618
SG_001723,0.2209944427013397
SG_001726,0.1807902455329895
SG_001728,0.1318686604499817
SG_001731,0.1031217649579048
SG_001733,0.2309569865465164
SG_001734,0.1175836026668548
SG_001735,0.2007264345884323
SG_001737,0.2114220559597015
SG_001738,0.170387715101242
SG_001739,0.1895874440670013
SG_001740,0.1887725442647934
SG_001744,0.1669472903013229
SG_001745,0.1631022244691848
SG_001750,0.1315857321023941
SG_001751,0.1752901971340179
SG_001761,0.2008900046348571
SG_001767,0.1385955810546875
SG_001768,0.2104781419038772
SG_001769,0.1806955337524414
SG_001776,0.3219520449638366
SG_001786,0.0739922001957893
SG_001788,0.1796238124370575
SG_001789,0.1864726990461349
SG_001790,0.1276713162660598
SG_001791,0.1979942768812179
SG_001792,0.2240192145109176
SG_001793,0.1263270378112793
SG_001796,0.1682821661233902
SG_001797,0.0936826989054679
SG_001803,0.1604894399642944
SG_001804,0.1038863137364387
SG_001806,0.1173046007752418
SG_001811,0.1566004753112793
SG_001815,0.2312993854284286
SG_001819,0.1318099647760391
SG_001824,0.12211424857378
SG_001825,0.2470224946737289
SG_001827,0.2243230193853378
SG_001830,0.1701087653636932
SG_001831,0.1257187724113464
SG_001833,0.2138062566518783
SG_001836,0.1342444419860839
SG_001844,0.2135192602872848
SG_001846,0.1289763897657394
SG_001847,0.1366481482982635
SG_001848,0.2246666252613067
SG_001849,0.2152671068906784
SG_001851,0.1269890367984771
SG_001858,0.1765961945056915
SG_001860,0.1283271759748459
SG_001862,0.2718861103057861
SG_001864,0.0694937855005264
SG_001865,0.1593738943338394
SG_001867,0.1839410811662674
SG_001872,0.0742099806666374
SG_001876,0.1689241081476211
SG_001877,0.3093413710594177
SG_001883,0.1888476312160492
SG_001884,0.1883390396833419
SG_001885,0.1117363721132278
SG_001886,0.2322408407926559
SG_001888,0.1575630903244018
SG_001890,0.1026990488171577
SG_001892,0.1815514713525772
SG_001893,0.2337472736835479
SG_001894,0.1633219569921493
SG_001895,0.2796593308448791
SG_001897,0.1851789802312851
SG_001901,0.1888994127511978
SG_001903,0.1927736699581146
SG_001904,0.0763391628861427
SG_001906,0.169497549533844
SG_001909,0.2006479650735855
SG_001912,0.1563840359449386
SG_001914,0.1190298423171043
SG_001915,0.1554314345121383
SG_001919,0.2473429888486862
SG_001924,0.1269021481275558
SG_001925,0.1381497234106063
SG_001928,0.2058324515819549
SG_001930,0.1662432998418808
SG_001932,0.1720037013292312
SG_001933,0.1452339589595794
SG_001934,0.1361777484416961
SG_001936,0.1017025932669639
SG_001947,0.1499108225107193
SG_001953,0.1931135356426239
SG_001954,0.0617069453001022
SG_001955,0.2181610465049743
SG_001963,0.2136590033769607
SG_001971,0.1575314104557037
SG_001975,0.158004343509674
SG_001976,0.1390840113162994
SG_001977,0.1997653841972351
SG_001980,0.1485193967819214
SG_001981,0.1049699187278747
SG_001982,0.1777765601873397
SG_001990,0.1560404896736145
SG_001999,0.1105346828699112
SG_002000,0.2032798826694488
SG_002002,0.1965938806533813
SG_002004,0.1443698555231094
SG_002008,0.2836463153362274
SG_002009,0.1831329613924026
SG_002016,0.1860158741474151
SG_002021,0.1765308976173401
SG_002024,0.183939442038536
SG_002027,0.2090425789356231
SG_002037,0.2349476367235183
SG_002038,0.2132505476474762
SG_002039,0.1776615232229232
SG_002044,0.1980429142713546
SG_002045,0.141772910952568
SG_002048,0.1047017648816108
SG_002050,0.2660030126571655
SG_002052,0.1759841293096542
SG_002063,0.154436856508255
SG_002067,0.2451629638671875
SG_002068,0.1397458463907241
SG_002069,0.1609611958265304
SG_002074,0.1200496703386306
SG_002075,0.150089830160141
SG_002078,0.0862419754266738
SG_002081,0.1625140756368637
SG_002090,0.2393698990345001
SG_002097,0.2645445466041565
SG_002103,0.2081620246171951
SG_002105,0.1921120285987854
SG_002110,0.1647312343120575
SG_002122,0.1485684961080551
SG_002123,0.1171706914901733
SG_002125,0.2537280917167663
SG_002129,0.2690734565258026
SG_002131,0.2268491089344024
SG_002137,0.1498361378908157
SG_002142,0.1979025900363922
SG_002150,0.1290080994367599
SG_002151,0.1968961954116821
SG_002152,0.1786527037620544
SG_002166,0.1234779208898544
SG_002171,0.2212082296609878
SG_002172,0.1693789362907409
SG_002176,0.1533225029706955
SG_002177,0.2937447726726532
SG_002181,0.25322026014328
SG_002184,0.1173674687743187
SG_002185,0.4209915101528168
SG_002186,0.1459854394197464
SG_002191,0.1476752758026123
SG_002192,0.2552933096885681
SG_002194,0.1545370519161224
SG_002200,0.0849892944097518
SG_002209,0.2057740539312362
SG_002213,0.1016374081373214
SG_002220,0.1116048470139503
SG_002223,0.113737866282463
SG_002227,0.1425202339887619
SG_002228,0.1615781038999557
SG_002233,0.189074695110321
SG_002241,0.185346245765686
SG_002248,0.3141485154628753
SG_002251,0.1580106765031814
SG_002252,0.1927835196256637
SG_002254,0.2226050049066543
SG_002255,0.2238582968711853
SG_002260,0.18682961165905
SG_002262,0.1481448262929916
SG_002263,0.1573057025671005
SG_002266,0.1605915278196334
SG_002270,0.1167529225349426
SG_002277,0.1802704930305481
SG_002278,0.0897142738103866
SG_002280,0.1537366807460785
SG_002281,0.1316699534654617
SG_002283,0.1578661352396011
SG_002284,0.1873451471328735
SG_002286,0.122426226735115
SG_002288,0.1396587044000625
SG_002291,0.1951005607843399
SG_002292,0.1574776172637939
SG_002294,0.1749612987041473
SG_002296,0.1913257539272308
SG_002298,0.1717760413885116
SG_002301,0.1161711364984512
SG_002304,0.1847279518842697
SG_002311,0.2259806096553802
SG_002319,0.3125732541084289
SG_002320,0.1453692317008972
SG_002322,0.1161974221467971
SG_002324,0.1545289456844329
SG_002328,0.2230938524007797
SG_002332,0.1488102823495865
SG_002341,0.32768115401268
SG_002346,0.131399929523468
SG_002347,0.2292589098215103
SG_002352,0.1838494688272476
SG_002357,0.1923331618309021
SG_002361,0.1704420000314712
SG_002370,0.0728970319032669
SG_002371,0.1513934582471847
SG_002372,0.1147359535098075
SG_002373,0.143195167183876
SG_002374,0.1338649541139602
SG_002375,0.1608674079179763
SG_002381,0.1195491477847099
SG_002385,0.1136562749743461
SG_002387,0.1686135083436966
SG_002390,0.1635295152664184
SG_002391,0.086887814104557
SG_002392,0.088097833096981
SG_002394,0.2069891691207885
SG_002396,0.1648581475019455
SG_002401,0.1213214844465255
SG_002402,0.1352720409631729
SG_002404,0.239027589559555
SG_002407,0.149001270532608
SG_002410,0.1274164766073227
SG_002419,0.3223960697650909
SG_002421,0.1698358505964279
SG_002422,0.1717998087406158
SG_002423,0.2505786418914795
SG_002429,0.1550988405942917
SG_002430,0.1818448156118393
SG_002434,0.2796387076377868
SG_002437,0.2112003117799759
SG_002442,0.2160585671663284
SG_002444,0.0615884140133857
SG_002447,0.1131555587053299
SG_002448,0.1432400196790695
SG_002450,0.2830058634281158
SG_002453,0.076518215239048
SG_002454,0.175617828965187
SG_002455,0.2339223772287368
SG_002456,0.2017756551504135
SG_002458,0.1885467916727066
SG_002459,0.1362464725971222
SG_002460,0.2289928495883941
SG_002462,0.1309798210859298
SG_002464,0.1652956902980804
SG_002466,0.1992997676134109
SG_002475,0.2178910374641418
SG_002477,0.1918955445289611
SG_002479,0.1672880053520202
SG_002482,0.2054607719182968
SG_002483,0.2288098335266113
SG_002486,0.2375560849905014
SG_002490,0.2402201294898986
SG_002493,0.1571469753980636
SG_002495,0.1810308396816253
SG_002498,0.1189904510974884
SG_002500,0.2520535886287689
SG_002502,0.113618791103363
SG_002507,0.1429649740457534
SG_002509,0.1766075640916824
SG_002517,0.2333674877882003
SG_002520,0.1622103899717331
SG_002522,0.1548510491847992
SG_002526,0.0882771611213684
SG_002529,0.1185290738940239
SG_002532,0.1229553893208503
SG_002539,0.1092163026332855
SG_002541,0.1041503325104713
SG_002544,0.1411834359169006
SG_002545,0.1436097472906112
SG_002546,0.1504198908805847
SG_002548,0.2003887891769409
SG_002555,0.2425347566604614
SG_002559,0.1674685776233673
SG_002568,0.151698425412178
SG_002572,0.2885529100894928
SG_002573,0.1029028445482254
SG_002577,0.1874840259552002
SG_002580,0.1905526518821716
SG_002583,0.2072965651750564
SG_002586,0.1586911231279373
SG_002587,0.2802683115005493
SG_002588,0.1437124460935592
SG_002594,0.1361086964607238
SG_002596,0.0653905943036079
SG_002597,0.0771793127059936
SG_002599,0.1692588031291961
SG_002600,0.1601070612668991
SG_002601,0.0666923746466636
SG_002605,0.1700542718172073
SG_002613,0.1656637191772461
SG_002615,0.1753649562597274
SG_002618,0.1661643981933593
SG_002622,0.1448314934968948
SG_002627,0.2036815583705902
SG_002628,0.1902864426374435
SG_002630,0.0678990930318832
SG_002633,0.1407240182161331
SG_002638,0.0751340761780738
SG_002649,0.1997268348932266
SG_002650,0.1540592759847641
SG_002652,0.1135786101222038
SG_002653,0.2217564135789871
SG_002654,0.1253525018692016
SG_002657,0.1643053144216537
SG_002664,0.1706380099058151
SG_002665,0.0721307471394538
SG_002666,0.1742425411939621
SG_002667,0.1875324696302414
SG_002672,0.1862523108720779
SG_002673,0.1804375499486923
SG_002674,0.2005471289157867
SG_002675,0.1447575837373733
SG_002680,0.304160475730896
SG_002684,0.3278505206108093
SG_002688,0.2153270244598388
SG_002689,0.129780888557434
SG_002691,0.1154334247112274
SG_002693,0.2039895802736282
SG_002699,0.1847630888223648
SG_002701,0.1699879020452499
SG_002705,0.1893264800310135
SG_002720,0.0689856633543968
SG_002731,0.1907723397016525
SG_002733,0.1368253678083419
SG_002735,0.1477036476135254
SG_002736,0.1749013662338256
SG_002738,0.1582867056131363
SG_002742,0.1788053512573242
SG_002746,0.1077558025717735
SG_002748,0.0811697691679
SG_002752,0.1312932819128036
SG_002755,0.1361396759748459
SG_002757,0.1913853287696838
SG_002759,0.1544409990310669
SG_002767,0.1653444468975067
SG_002770,0.1892490535974502
SG_002773,0.1932567059993744
SG_002777,0.1938771456480026
SG_002782,0.1461202055215835
SG_002783,0.0937664210796356
SG_002785,0.180883914232254
SG_002788,0.1879906952381134
SG_002789,0.1948732137680053
SG_002793,0.1881851106882095
SG_002796,0.1412716805934906
SG_002798,0.2253576815128326
SG_002809,0.2390196770429611
SG_002814,0.191636636853218
SG_002820,0.1819882839918136
SG_002825,0.1916884332895279
SG_002827,0.2381840497255325
SG_002829,0.1813386976718902
SG_002832,0.2243854850530624
SG_002834,0.1211642473936081
SG_002840,0.1654908955097198
SG_002842,0.1714187264442443
SG_002843,0.1378293633460998
SG_002849,0.2550786435604095
SG_002850,0.1352117657661438
SG_002853,0.1238158494234085
SG_002875,0.1785235404968261
SG_002882,0.3035269975662231
SG_002887,0.3106915354728699
SG_002891,0.2065343707799911
SG_002896,0.1590433120727539
SG_002904,0.1993106305599212
SG_002906,0.207789734005928
SG_002907,0.1596514582633972
SG_002910,0.2646118998527527
SG_002918,0.1700397282838821
SG_002926,0.1521203219890594
SG_002930,0.1426228433847427
SG_002932,0.1211002320051193
SG_002937,0.1683285534381866
SG_002939,0.1739553660154342
SG_002943,0.0869251117110252
SG_002944,0.1574596762657165
SG_002947,0.1035400256514549
SG_002949,0.1450168937444687
SG_002950,0.1268540769815445
SG_002952,0.1654634773731231
SG_002954,0.2255223840475082
SG_002955,0.1919681429862976
SG_002958,0.1979815512895584
SG_002960,0.169348731637001
SG_002964,0.1970136910676956
SG_002967,0.200149804353714
SG_002972,0.2954212129116058
SG_002982,0.299033373594284
SG_002985,0.2010936588048935
SG_002989,0.1914616674184799
SG_002999,0.1179979592561721
SG_003002,0.1975321173667907
SG_003008,0.164735734462738
SG_003023,0.1378381550312042
SG_003024,0.122659258544445
SG_003026,0.1864645332098007
SG_003028,0.2028537541627884
SG_003030,0.1464432775974273
SG_003031,0.1919130682945251
SG_003037,0.113413393497467
SG_003042,0.1136595830321312
SG_003043,0.1059115231037139
SG_003044,0.235176220536232
SG_003045,0.1166262105107307
SG_003048,0.1748038530349731
SG_003049,0.1092370077967643
SG_003051,0.1465010493993759
SG_003052,0.1404984891414642
SG_003059,0.2435585111379623
SG_003062,0.1260131895542144
SG_003065,0.1557491719722747
SG_003067,0.0777227282524108
SG_003071,0.1305388659238815
SG_003072,0.1701008528470993
SG_003073,0.2084431797266006
SG_003075,0.1758516281843185
SG_003080,0.0873398557305336
SG_003082,0.150940403342247
SG_003084,0.1629341095685959
SG_003085,0.1543517410755157
SG_003088,0.2036713808774948
SG_003089,0.1459192484617233
SG_003096,0.1158222630620002
SG_003097,0.1833356469869613
SG_003102,0.1501660495996475
SG_003105,0.2172154933214187
SG_003107,0.0948697701096534
SG_003111,0.1453807204961776
SG_003116,0.1631902456283569
SG_003118,0.1224177405238151
SG_003125,0.1020160242915153
SG_003127,0.1841954439878463
SG_003133,0.2364834398031234
SG_003135,0.2075843513011932
SG_003137,0.149875208735466
SG_003138,0.1122992560267448
SG_003139,0.1914029568433761
SG_003141,0.2142692357301712
SG_003144,0.246719405055046
SG_003151,0.2160214036703109
SG_003154,0.1939451098442077
SG_003158,0.2993345260620117
SG_003160,0.11288932710886
SG_003164,0.2436268925666809
SG_003168,0.1380880773067474
SG_003169,0.112849123775959
SG_003174,0.1354297548532486
SG_003179,0.2030139565467834
SG_003184,0.1836495399475097
SG_003186,0.1589500457048416
SG_003193,0.2200335413217544
SG_003196,0.1074451580643653
SG_003198,0.239227220416069
SG_003201,0.1660115420818328
SG_003204,0.2435363680124282
SG_003205,0.1899082660675048
SG_003206,0.1206109747290611
SG_003211,0.2077166885137558
SG_003214,0.1743070185184478
SG_003215,0.1485598087310791
SG_003216,0.1745070815086364
SG_003217,0.1797308027744293
SG_003219,0.1235205084085464
SG_003226,0.1807339936494827
SG_003227,0.1571772843599319
SG_003230,0.1949975937604904
SG_003231,0.1957912147045135
SG_003232,0.1060917302966117
SG_003234,0.1514845043420791
SG_003239,0.1717216968536377
SG_003241,0.07837975025177
SG_003243,0.1801054328680038
SG_003250,0.1434818059206009
SG_003253,0.1944950073957443
SG_003256,0.121748186647892
SG_003259,0.2015834301710128
SG_003266,0.1861745566129684
SG_003272,0.1846068203449249
SG_003273,0.1276478022336959
SG_003281,0.1008198857307434
SG_003284,0.1433017402887344
SG_003288,0.0756916776299476
SG_003293,0.1640018224716186
SG_003294,0.2140906155109405
SG_003295,0.1602088361978531
SG_003296,0.1432030946016311
SG_003301,0.1672999709844589
SG_003304,0.212351843714714
SG_003305,0.2179611027240753
SG_003307,0.1960776895284652
SG_003310,0.2374462634325027
SG_003314,0.21078522503376
SG_003321,0.1127339825034141
SG_003325,0.1727953404188156
SG_003328,0.2372766584157943
SG_003331,0.1840618997812271
SG_003332,0.191468209028244
SG_003333,0.204625591635704
SG_003340,0.1742395460605621
SG_003341,0.2406504601240158
SG_003342,0.1722984164953231
SG_003349,0.2335078716278076
SG_003355,0.1458864361047744
SG_003357,0.3125390410423279
SG_003361,0.1306479722261428
SG_003370,0.2326126098632812
SG_003371,0.1605277806520462
SG_003373,0.1966350227594375
SG_003374,0.3336089551448822
SG_003379,0.1762357801198959
SG_003388,0.0995553359389305
SG_003389,0.1873074769973755
SG_003390,0.10751623660326
SG_003391,0.2246012240648269
SG_003392,0.1714039444923401
SG_003393,0.2615756094455719
SG_003397,0.1158865839242935
SG_003398,0.1144558936357498
SG_003399,0.1600923836231231
SG_003402,0.2219836562871933
SG_003404,0.1688089519739151
SG_003407,0.0905012339353561
SG_003408,0.139844074845314
SG_003422,0.100784957408905
SG_003426,0.1683465242385864
SG_003430,0.1543145477771759
SG_003434,0.0679031834006309
SG_003437,0.1622505336999893
SG_003439,0.1543517559766769
SG_003440,0.1324367970228195
SG_003441,0.0502544939517974
SG_003444,0.2132390886545181
SG_003447,0.2145584225654602
SG_003452,0.0734431892633438
SG_003453,0.3260105848312378
SG_003464,0.1920439451932907
SG_003469,0.1184791773557663
SG_003475,0.159645676612854
SG_003477,0.1978164166212082
SG_003479,0.1615768074989318
SG_003480,0.1512544602155685
SG_003482,0.2978580594062805
SG_003483,0.3099530935287475
SG_003485,0.1095122992992401
SG_003486,0.2832964956760406
SG_003489,0.0659559145569801
SG_003491,0.0964096039533615
SG_003492,0.1062656715512275
SG_003493,0.1222625970840454
SG_003501,0.2039252370595932
SG_003505,0.1443963199853897
SG_003509,0.0819373279809951
SG_003517,0.1702572703361511
SG_003521,0.1504477709531784
SG_003526,0.1295982301235199
SG_003528,0.160295695066452
SG_003532,0.1067372113466262
SG_003535,0.0636814385652542
SG_003538,0.2519325315952301
SG_003541,0.1167126893997192
SG_003545,0.1167950481176376
SG_003548,0.148271769285202
SG_003549,0.1715929210186004
SG_003554,0.1038352251052856
SG_003557,0.2909227311611175
SG_003566,0.1754636764526367
SG_003568,0.1077529564499855
SG_003572,0.1587041318416595
SG_003575,0.2144133448600769
SG_003578,0.1411989033222198
SG_003584,0.1769372522830963
SG_003585,0.1496257334947586
SG_003588,0.1968401223421096
SG_003589,0.1643907874822616
SG_003594,0.1612370610237121
SG_003597,0.181509181857109
SG_003598,0.1787008494138717
SG_003601,0.2108413428068161
SG_003603,0.2845020592212677
SG_003610,0.186828002333641
SG_003611,0.1292246282100677
SG_003613,0.1723740249872207
SG_003618,0.1389220505952835
SG_003619,0.1508102118968963
SG_003620,0.1582935750484466
SG_003625,0.2595544159412384
SG_003627,0.1433262974023819
SG_003628,0.1684594750404358
SG_003629,0.1249864846467971
SG_003637,0.30457204580307
SG_003648,0.1091888397932052
SG_003650,0.0824492126703262
SG_003666,0.1583669930696487
SG_003668,0.2359853237867355
SG_003670,0.1430119276046753
SG_003671,0.0972813218832016
SG_003689,0.1262402534484863
SG_003691,0.1323703527450561
SG_003699,0.2317687422037124
SG_003702,0.2137326449155807
SG_003704,0.1201270148158073
SG_003705,0.1952245533466339
SG_003706,0.1829328089952469
SG_003708,0.0701354593038559
SG_003710,0.1266506165266037
SG_003711,0.1590889394283294
SG_003714,0.1812832057476043
SG_003715,0.2217619717121124
SG_003722,0.2170580178499221
SG_003745,0.1756283640861511
SG_003746,0.1030435487627983
SG_003751,0.09347715228796
SG_003754,0.1674482673406601
SG_003757,0.1672579199075698
SG_003758,0.2284249365329742
SG_003765,0.1206976696848869
SG_003767,0.1226895153522491
SG_003768,0.1171734407544136
SG_003769,0.125610738992691
SG_003777,0.164718821644783
SG_003783,0.0733106359839439
SG_003786,0.1461650282144546
SG_003787,0.1761408746242523
SG_003788,0.13861845433712
SG_003792,0.104859635233879
SG_003795,0.1669228672981262
SG_003806,0.2135223448276519
SG_003807,0.2226554006338119
SG_003809,0.1623966246843338
SG_003810,0.129408597946167
SG_003812,0.235516607761383
SG_003820,0.2238444089889526
SG_003822,0.1410465240478515
SG_003829,0.1780738532543182
SG_003835,0.0785576328635215
SG_003843,0.199940800666809
SG_003844,0.1885900348424911
SG_003851,0.0963667929172515
SG_003852,0.1865758597850799
SG_003856,0.1277555376291275
SG_003860,0.1409013271331787
SG_003863,0.1198538318276405
SG_003865,0.1876825839281082
SG_003868,0.2077675014734268
SG_003869,0.0762109234929084
SG_003874,0.1602701693773269
SG_003878,0.2364794164896011
SG_003880,0.2090360224246978
SG_003881,0.180266335606575
SG_003886,0.1619455218315124
SG_003896,0.1608431190252304
SG_003904,0.189796507358551
SG_003905,0.2217666655778885
SG_003906,0.1203251853585243
SG_003907,0.1418456882238388
SG_003908,0.169387012720108
SG_003910,0.1572224497795105
SG_003917,0.1206396296620369
SG_003919,0.2427028864622116
SG_003920,0.1779744029045105
SG_003921,0.0998428836464881
SG_003922,0.2349490821361541
SG_003925,0.0916381329298019
SG_003926,0.1504283547401428
SG_003935,0.1285290569067001
SG_003937,0.1202546581625938
SG_003940,0.1301717460155487
SG_003941,0.1423510313034057
SG_003945,0.2502613067626953
SG_003951,0.2306127250194549
SG_003958,0.0741779282689094
SG_003959,0.0985364541411399
SG_003961,0.2541878521442413
SG_003966,0.1826571971178054
SG_003967,0.1695532351732254
SG_003969,0.1691121011972427
SG_003972,0.1731847524642944
SG_003977,0.1647854298353195
SG_003978,0.1206943392753601
SG_003979,0.2192088216543197
SG_003988,0.1472702324390411
SG_003992,0.2519614100456238
SG_003994,0.1439487785100937
SG_003995,0.1786367446184158
SG_004001,0.1858403980731964
SG_004002,0.1214730739593505
SG_004011,0.1211187317967414
SG_004012,0.1401960253715515
SG_004016,0.2788238227367401
SG_004019,0.1890891939401626
SG_004034,0.1623167842626571
SG_004036,0.155852273106575
SG_004041,0.2266705185174942
SG_004042,0.1895875930786132
SG_004045,0.1103435531258583
SG_004048,0.3598783016204834
SG_004049,0.0560912452638149
SG_004050,0.2383381575345993
SG_004054,0.1965080946683883
SG_004060,0.186881735920906
SG_004063,0.1627126336097717
SG_004064,0.1642450094223022
SG_004065,0.2286626994609832
SG_004066,0.1662301868200302
SG_004071,0.1180916577577591
SG_004074,0.0887385681271553
SG_004078,0.1398600786924362
SG_004079,0.1326446682214737
SG_004080,0.1467879265546798
SG_004081,0.2302884310483932
SG_004083,0.1962324827909469
SG_004087,0.1218149736523628
SG_004089,0.1435423493385315
SG_004091,0.0763993561267852
SG_004093,0.1552394479513168
SG_004094,0.2388938069343567
SG_004100,0.1451184451580047
SG_004107,0.1466483920812606
SG_004109,0.1121661588549614
SG_004110,0.1749040931463241
SG_004111,0.174173504114151
SG_004123,0.098462775349617
SG_004126,0.1759487688541412
SG_004127,0.0748087093234062
SG_004129,0.142702430486679
SG_004130,0.1635519713163375
SG_004131,0.1624707877635955
SG_004136,0.1434634923934936
SG_004140,0.1448849737644195
SG_004149,0.113929770886898
SG_004152,0.2094999849796295
SG_004155,0.1964156925678253
SG_004157,0.1414269804954528
SG_004163,0.1701056957244873
SG_004164,0.1611049920320511
SG_004168,0.1778865456581115
SG_004170,0.2135411500930786
SG_004171,0.1685678958892822
SG_004174,0.1502739638090133
SG_004175,0.1830970793962478
SG_004178,0.1405236423015594
SG_004181,0.2181814759969711
SG_004184,0.2387667596340179
SG_004186,0.1417543739080429
SG_004187,0.2020554989576339
SG_004191,0.1083072498440742
SG_004192,0.2301709502935409
SG_004197,0.1671825051307678
SG_004201,0.1562514305114746
SG_004204,0.2098636627197265
SG_004207,0.2140084207057953
SG_004209,0.3086782991886139
SG_004214,0.2831982970237732
SG_004218,0.1398874521255493
SG_004220,0.1073048263788223
SG_004223,0.1201685965061187
SG_004224,0.1787690073251724
SG_004225,0.1776455640792846
SG_004228,0.1565199941396713
SG_004229,0.1024035885930061
SG_004230,0.1546789854764938
SG_004235,0.0753455683588981
SG_004238,0.1905641108751297
SG_004239,0.3643453419208526
SG_004244,0.1833414286375045
SG_004253,0.189746156334877
SG_004256,0.1516942828893661
SG_004257,0.1399176716804504
SG_004258,0.1721615493297577
SG_004262,0.2193013429641723
SG_004263,0.1225549802184104
SG_004265,0.1185578182339668
SG_004268,0.1524116545915603
SG_004269,0.2165417671203613
SG_004271,0.1379997134208679
SG_004286,0.164898470044136
SG_004289,0.1666315495967865
SG_004290,0.1728137135505676
SG_004291,0.1854293942451477
SG_004297,0.1711966097354889
SG_004300,0.1807986795902252
SG_004302,0.2257586419582367
SG_004305,0.1608285903930664
SG_004306,0.1902802437543869
SG_004312,0.2339639812707901
SG_004313,0.1125762313604354
SG_004315,0.2445345520973205
SG_004320,0.1253373473882675
SG_004321,0.2316120266914367
SG_004322,0.1602649241685867
SG_004325,0.20766381919384
SG_004326,0.2375395148992538
SG_004339,0.1498360782861709
SG_004342,0.1796487420797348
SG_004347,0.164729431271553
SG_004348,0.193454772233963
SG_004349,0.2811416089534759
SG_004350,0.2219627946615219
SG_004357,0.0829334035515785
SG_004358,0.1632471084594726
SG_004359,0.1668708473443985
SG_004362,0.1755229085683822
SG_004365,0.1577720642089843
SG_004368,0.2369306087493896
SG_004369,0.1909750252962112
SG_004370,0.1418459415435791
SG_004378,0.1261958181858062
SG_004379,0.155869573354721
SG_004388,0.1705291271209716
SG_004390,0.1052608042955398
SG_004391,0.1123420745134353
SG_004401,0.1125446483492851
SG_004404,0.3207517266273498
SG_004405,0.1690056174993515
SG_004406,0.1527901738882064
SG_004408,0.1269329786300659
SG_004415,0.1612358540296554
SG_004417,0.0647801235318183
SG_004419,0.2460693418979644
SG_004420,0.2259853333234787
SG_004422,0.1530507951974868
SG_004423,0.1170112043619155
SG_004426,0.097359724342823
SG_004427,0.1040542051196098
SG_004429,0.1612938940525055
SG_004432,0.1257131099700927
SG_004439,0.2638109624385834
SG_004445,0.1776212155818939
SG_004447,0.184179425239563
SG_004448,0.0815853625535965
SG_004451,0.211259976029396
SG_004457,0.1839479655027389
SG_004458,0.0740226209163665
SG_004460,0.1614214926958084
SG_004461,0.2493586987257003
SG_004462,0.0778247863054275
SG_004464,0.1883244812488556
SG_004465,0.1582323610782623
SG_004469,0.1303578913211822
SG_004474,0.1807121336460113
SG_004475,0.1569484919309616
SG_004476,0.1509478837251663
SG_004477,0.1447130888700485
SG_004480,0.2179173678159713
SG_004482,0.2067980617284774
SG_004484,0.2108863592147827
SG_004486,0.1311559379100799
SG_004494,0.3089607656002044
SG_004504,0.1796409636735916
SG_004508,0.2354522496461868
SG_004509,0.2664620876312256
SG_004511,0.1842247098684311
SG_004514,0.2064227908849716
SG_004515,0.2088152915239334
SG_004518,0.1499885618686676
SG_004521,0.0911368057131767
SG_004526,0.1660534590482711
SG_004530,0.1866224259138107
SG_004534,0.179248034954071
SG_004536,0.1050774231553077
SG_004538,0.1208266243338584
SG_004539,0.1743585765361786
SG_004541,0.198480486869812
SG_004549,0.1678081154823303
SG_004552,0.1633337438106537
SG_004553,0.1547069549560547
SG_004556,0.1948738396167755
SG_004559,0.1233775615692138
SG_004562,0.1584486067295074
SG_004565,0.1780122369527816
SG_004568,0.1940016597509384
SG_004576,0.1542992889881134
SG_004577,0.1663402169942855
SG_004593,0.294836014509201
SG_004594,0.2252617478370666
SG_004600,0.2283022999763488
SG_004602,0.1748755723237991
SG_004608,0.162737175822258
SG_004609,0.1671631038188934
SG_004612,0.139472410082817
SG_004614,0.1088883951306343
SG_004617,0.175009623169899
SG_004620,0.089186780154705
SG_004623,0.1400456875562667
SG_004626,0.3170127868652344
SG_004631,0.2036277502775192
SG_004632,0.1110481545329094
SG_004633,0.1974959671497345
SG_004635,0.201898843050003
SG_004637,0.1714852005243301
SG_004638,0.1783098429441452
SG_004641,0.2450006902217865
SG_004645,0.1393522471189499
SG_004652,0.14694744348526
SG_004653,0.1456348448991775
SG_004655,0.2586578726768493
SG_004656,0.1764149963855743
SG_004658,0.1388500928878784
SG_004659,0.139096513390541
SG_004662,0.1633520871400833
SG_004664,0.1270911991596222
SG_004668,0.1761667430400848
SG_004669,0.1633669137954712
SG_004672,0.2079717963933944
SG_004676,0.170196384191513
SG_004682,0.134329617023468
SG_004685,0.2690470814704895
SG_004689,0.1306343376636505
SG_004695,0.1673692017793655
SG_004697,0.1446845978498459
SG_004700,0.1684169173240661
SG_004701,0.2725063562393188
SG_004709,0.1788263171911239
SG_004710,0.1027738377451896
SG_004712,0.1157044246792793
SG_004716,0.1999615728855133
SG_004720,0.0915729403495788
SG_004721,0.1180753409862518
SG_004723,0.1417565792798996
SG_004731,0.2363908141851425
SG_004736,0.2049210369586944
SG_004737,0.1241561025381088
SG_004738,0.1054246798157692
SG_004739,0.2315511703491211
SG_004742,0.1816576272249221
SG_004751,0.199703574180603
SG_004753,0.0625760331749916
SG_004755,0.1676560044288635
SG_004757,0.1685440987348556
SG_004760,0.1083543896675109
SG_004761,0.1033948734402656
SG_004762,0.0918456763029098
SG_004763,0.2079673558473587
SG_004764,0.2403461039066314
SG_004766,0.213551178574562
SG_004769,0.1143514961004257
SG_004772,0.1428417712450027
SG_004773,0.1552202105522155
SG_004782,0.1051422283053398
SG_004784,0.1884937584400177
SG_004786,0.2296066880226135
SG_004787,0.1272508800029754
SG_004789,0.0682447552680969
SG_004797,0.1939588785171508
SG_004798,0.122059665620327
SG_004799,0.2555518448352813
SG_004801,0.2978001832962036
SG_004804,0.2628683149814605
SG_004813,0.1330386400222778
SG_004816,0.3262602686882019
SG_004817,0.1238896548748016
SG_004818,0.1514036953449249
SG_004821,0.1478024274110794
SG_004827,0.194040909409523
SG_004828,0.1427794396877288
SG_004829,0.174758180975914
SG_004830,0.3166083395481109
SG_004831,0.1810445934534073
SG_004836,0.1516475528478622
SG_004840,0.1335482448339462
SG_004842,0.1114405766129493
SG_004844,0.1479553878307342
SG_004846,0.2273019552230835
SG_004853,0.1682583689689636
SG_004855,0.2571372389793396
SG_004856,0.1705038994550705
SG_004866,0.0930016785860061
SG_004867,0.0667561888694763
SG_004868,0.2748596668243408
SG_004873,0.1934582293033599
SG_004877,0.1737254559993744
SG_004881,0.1631911993026733
SG_004882,0.1616792231798172
SG_004887,0.1873107850551605
SG_004898,0.2852090299129486
SG_004900,0.20051871240139
SG_004906,0.2789061665534973
SG_004907,0.1991112530231475
SG_004912,0.1963645070791244
SG_004913,0.1060382276773452
SG_004919,0.1505513787269592
SG_004922,0.2005342245101928
SG_004923,0.1888255774974823
SG_004925,0.1576535105705261
SG_004927,0.1105073541402816
SG_004929,0.2233554571866989
SG_004930,0.226833313703537
SG_004939,0.1569033861160278
SG_004942,0.0875739753246307
SG_004944,0.1495155394077301
SG_004945,0.152134820818901
SG_004959,0.1652216464281082
SG_004960,0.1734290421009063
SG_004964,0.142650231719017
SG_004968,0.2072294652462005
SG_004969,0.1786773949861526
SG_004973,0.2358172386884689
SG_004975,0.2409529387950897
SG_004981,0.2141972333192825
SG_004985,0.2344468086957931
SG_004988,0.2384413480758667
SG_004990,0.1413474380970001
SG_004993,0.1047979667782783
SG_004997,0.0809063166379928
SG_005000,0.1233236938714981
SG_005002,0.2839687466621399
SG_005004,0.3532001376152038
SG_005011,0.1491755694150924
SG_005013,0.1314944475889206
SG_005018,0.1222341805696487
SG_005019,0.1456196755170822
SG_005020,0.1558524221181869
SG_005022,0.0985612794756889
SG_005027,0.1698346436023712
SG_005029,0.0853432714939117
SG_005030,0.1415204107761383
SG_005031,0.1595367789268493
SG_005033,0.0778351426124572
SG_005037,0.0994283854961395
SG_005041,0.1362606137990951
SG_005048,0.1500674486160278
SG_005049,0.1880611926317215
SG_005052,0.1886450946331024
SG_005057,0.1578545123338699
SG_005058,0.176992729306221
SG_005062,0.2534176111221313
SG_005080,0.1295027434825897
SG_005085,0.0924784690141677
SG_005086,0.2198362797498703
SG_005089,0.2101293206214904
SG_005090,0.1589279621839523
SG_005091,0.2989925146102905
SG_005094,0.1853527128696441
SG_005097,0.2186279594898224
SG_005098,0.1395619511604309
SG_005100,0.2070783078670501
SG_005101,0.2027477324008941
SG_005102,0.2666351497173309
SG_005108,0.2327270656824112
SG_005110,0.3022519052028656
SG_005114,0.23494553565979
SG_005120,0.1866822242736816
SG_005122,0.195204809308052
SG_005123,0.1634419113397598
SG_005126,0.2108270227909088
SG_005131,0.0806433632969856
SG_005132,0.0728850960731506
SG_005134,0.0938912108540535
SG_005137,0.109952226281166
SG_005140,0.1894522905349731
SG_005141,0.2129464447498321
SG_005142,0.1868344843387603
SG_005143,0.0863907858729362
SG_005148,0.1561101526021957
SG_005161,0.1901632845401764
SG_005168,0.2192303240299224
SG_005170,0.1217610090970993
SG_005171,0.1761218011379242
SG_005174,0.1788656413555145
SG_005175,0.1571944504976272
SG_005178,0.2385414540767669
SG_005179,0.0746947824954986
SG_005188,0.2131097018718719
SG_005190,0.2345441579818725
SG_005191,0.108104333281517
SG_005194,0.226248025894165
SG_005196,0.1092138439416885
SG_005199,0.1506124138832092
SG_005200,0.0907049849629402
SG_005203,0.1645584851503372
SG_005205,0.209347203373909
SG_005213,0.1525368839502334
SG_005214,0.2149883061647415
SG_005216,0.2977607250213623
SG_005220,0.1360694020986557
SG_005224,0.1207443848252296
SG_005228,0.1818399429321289
SG_005233,0.1503133326768875
SG_005235,0.1815211623907089
SG_005240,0.0767369419336319
SG_005241,0.167601928114891
SG_005246,0.2042132019996643
SG_005247,0.1199655830860138
SG_005248,0.1549277305603027
SG_005250,0.2019044458866119
SG_005251,0.1599281132221222
SG_005253,0.1291764676570892
SG_005255,0.1617594510316848
SG_005264,0.1668969988822937
SG_005268,0.0808702632784843
SG_005270,0.1915401369333267
SG_005277,0.2766813337802887
SG_005282,0.1075697019696235
SG_005283,0.1953968256711959
SG_005284,0.15842005610466
SG_005287,0.1843091249465942
SG_005289,0.1616692245006561
SG_005291,0.1912461817264557
SG_005292,0.1393083035945892
SG_005296,0.0860820561647415
SG_005302,0.1883849501609802
SG_005305,0.1917975097894668
SG_005311,0.1747754514217376
SG_005312,0.1232183873653411
SG_005313,0.1783480197191238
SG_005316,0.1482199877500534
SG_005320,0.229332685470581
SG_005321,0.2163210213184356
SG_005322,0.2165323793888092
SG_005323,0.2862125635147095
SG_005325,0.1805983781814575
SG_005328,0.1870352178812027
SG_005329,0.1767295449972152
SG_005332,0.2459531426429748
SG_005333,0.2280053049325943
SG_005335,0.1354667246341705
SG_005340,0.1650165319442749
SG_005341,0.1797941178083419
SG_005346,0.1868576556444168
SG_005350,0.4101779460906982
SG_005351,0.1608945578336715
SG_005353,0.0672996044158935
SG_005356,0.128405675292015
SG_005360,0.2021998912096023
SG_005362,0.174539640545845
SG_005363,0.0867650806903839
SG_005365,0.2200622707605362
SG_005371,0.1709560751914978
SG_005372,0.1434705853462219
SG_005376,0.1874049752950668
SG_005378,0.1630430817604065
SG_005379,0.0834206789731979
SG_005380,0.3307880163192749
SG_005384,0.2251534014940261
SG_005386,0.1873707473278045
SG_005387,0.2324632704257965
SG_005397,0.1820783466100692
SG_005401,0.1731770634651184
SG_005408,0.2543080747127533
SG_005412,0.1378369927406311
SG_005414,0.2129430770874023
SG_005421,0.1811752617359161
SG_005424,0.1303057372570037
SG_005428,0.1827577054500579
SG_005432,0.1631664633750915
SG_005439,0.2669749557971954
SG_005444,0.1152756884694099
SG_005445,0.204796478152275
SG_005446,0.1425204873085022
SG_005447,0.2111628949642181
SG_005449,0.1639559864997863
SG_005450,0.1645322740077972
SG_005451,0.1830482482910156
SG_005452,0.1325913518667221
SG_005456,0.1870065033435821
SG_005457,0.1068799048662185
SG_005459,0.0687185227870941
SG_005460,0.1319369822740554
SG_005465,0.3520438075065613
SG_005466,0.1989829391241073
SG_005470,0.2322075366973877
SG_005473,0.1998139172792434
SG_005477,0.1973598599433899
SG_005486,0.1724893003702163
SG_005489,0.1435656696557998
SG_005491,0.2910076975822449
SG_005496,0.1276133060455322
SG_005497,0.1872696727514267
SG_005499,0.1745765060186386
SG_005503,0.1585754007101059
SG_005504,0.1225662529468536
SG_005506,0.1515620648860931
SG_005510,0.1493337154388427
SG_005511,0.2660224437713623
SG_005515,0.1127507761120796
SG_005518,0.2066333293914795
SG_005519,0.2416102141141891
SG_005524,0.1901497393846511
SG_005529,0.1588998734951019
SG_005530,0.1616934537887573
SG_005531,0.1698130071163177
SG_005532,0.1188105195760726
SG_005534,0.1289440244436264
SG_005535,0.196947380900383
SG_005541,0.1904913634061813
SG_005542,0.179984450340271
SG_005550,0.0856865048408508
SG_005555,0.1731811910867691
SG_005557,0.1544147133827209
SG_005565,0.1543022543191909
SG_005569,0.1343694329261779
SG_005572,0.1282365322113037
SG_005575,0.1095895767211914
SG_005579,0.3148411512374878
SG_005580,0.1840042620897293
SG_005583,0.1179284080862999
SG_005591,0.1896395981311798
SG_005592,0.124703548848629
SG_005593,0.1467073708772659
SG_005594,0.1412394195795059
SG_005599,0.1755459904670715
SG_005603,0.2080669999122619
SG_005606,0.1485917121171951
SG_005611,0.1310450136661529
SG_005615,0.3069769442081451
SG_005622,0.2258382439613342
SG_005625,0.1776096820831298
SG_005630,0.138282373547554
SG_005634,0.1938217729330063
SG_005635,0.1298765689134597
SG_005636,0.2515884935855865
SG_005638,0.1934329122304916
SG_005640,0.1606693714857101
SG_005643,0.1366616785526275
SG_005644,0.1413326412439346
SG_005645,0.1426906138658523
SG_005650,0.211077019572258
SG_005654,0.2959790825843811
SG_005655,0.0782884657382965
SG_005656,0.2063766419887542
SG_005661,0.219728484749794
SG_005664,0.1246332749724388
SG_005666,0.1831253767013549
SG_005671,0.1627290844917297
SG_005681,0.1674032807350158
SG_005683,0.2415240854024887
SG_005687,0.1733078956604004
SG_005688,0.1951455920934677
SG_005691,0.1795982867479324
SG_005692,0.1583321392536163
SG_005693,0.1596862524747848
SG_005694,0.2258856296539306
SG_005696,0.1675061136484146
SG_005703,0.1150268465280532
SG_005704,0.1750197410583496
SG_005706,0.2257654964923858
SG_005707,0.2384247332811355
SG_005713,0.1312272399663925
SG_005715,0.1292412430047989
SG_005719,0.1202349290251731
SG_005722,0.0577701218426227
SG_005724,0.1952597349882125
SG_005725,0.1663551926612854
SG_005726,0.0933951735496521
SG_005730,0.1974140554666519
SG_005735,0.1319682449102401
SG_005736,0.2465680539608001
SG_005740,0.1788795739412307
SG_005748,0.2066652923822403
SG_005750,0.173090174794197
SG_005753,0.1942822784185409
SG_005758,0.0886368080973625
SG_005759,0.1237956658005714
SG_005764,0.1258646100759506
SG_005765,0.0584387183189392
SG_005772,0.1613544374704361
SG_005773,0.1157964020967483
SG_005776,0.1622619330883026
SG_005778,0.172490045428276
SG_005784,0.1566005796194076
SG_005786,0.1456415951251983
SG_005789,0.1583180129528045
SG_005794,0.1678086817264557
SG_005796,0.1227462142705917
SG_005801,0.1017064675688743
SG_005807,0.0905828103423118
SG_005809,0.1227315738797187
SG_005811,0.2400709688663482
SG_005813,0.0845159590244293
SG_005814,0.2192322462797165
SG_005817,0.1289727091789245
SG_005818,0.1189600527286529
SG_005820,0.0929744765162468
SG_005821,0.1546772867441177
SG_005824,0.0922445580363273
SG_005825,0.1334577649831771
SG_005827,0.1421250253915786
SG_005828,0.272036463022232
SG_005830,0.1550297886133194
SG_005838,0.3073892593383789
SG_005840,0.2132825851440429
SG_005842,0.1995867937803268
SG_005846,0.1054304018616676
SG_005847,0.0547176785767078
SG_005848,0.2108193933963775
SG_005857,0.2801577150821686
SG_005861,0.1315148472785949
SG_005862,0.1910334825515747
SG_005871,0.1950335055589676
SG_005872,0.1804332584142685
SG_005873,0.1441162526607513
SG_005874,0.1589860171079635
SG_005875,0.1656309366226196
SG_005877,0.1457764208316803
SG_005880,0.1275583952665329
SG_005884,0.1378965675830841
SG_005892,0.1761910915374755
SG_005894,0.1885562688112259
SG_005898,0.180973008275032
SG_005899,0.186358243227005
SG_005905,0.1944298148155212
SG_005909,0.0953278094530105
SG_005910,0.1786370575428009
SG_005920,0.2491306364536285
SG_005921,0.3262422084808349
SG_005922,0.1577184945344925
SG_005925,0.162204772233963
SG_005928,0.1605119407176971
SG_005932,0.0959414541721344
SG_005934,0.1910170167684555
SG_005935,0.087216630578041
SG_005937,0.1912456005811691
SG_005939,0.165324404835701
SG_005943,0.1679256111383438
SG_005951,0.0926460176706314
SG_005955,0.2014014273881912
SG_005959,0.3167229890823364
SG_005966,0.1468865871429443
SG_005967,0.2517134249210357
SG_005969,0.2670828104019165
SG_005976,0.2378037720918655
SG_005977,0.1612113267183303
SG_005979,0.2298786342144012
SG_005980,0.1625430732965469
SG_005985,0.2099727541208267
SG_005986,0.3116082847118377
SG_005991,0.2995640933513641
SG_005999,0.1269503980875015
SG_006000,0.1769978702068328
SG_006004,0.1858228296041488
SG_006009,0.2193089574575424
SG_006012,0.1466681957244873
SG_006013,0.151224598288536
SG_006022,0.159486711025238
SG_006023,0.1586322039365768
SG_006026,0.1818724870681762
SG_006028,0.1847798824310302
SG_006029,0.1902646571397781
SG_006033,0.2003875225782394
SG_006035,0.092159666121006
SG_006036,0.1777307838201522
SG_006038,0.2351090461015701
SG_006039,0.239065021276474
SG_006041,0.111192300915718
SG_006047,0.1677061319351196
SG_006049,0.1790725737810135
SG_006050,0.1992821097373962
SG_006054,0.0825158879160881
SG_006063,0.146466389298439
SG_006067,0.3324707150459289
SG_006069,0.2930786311626434
SG_006073,0.0724910348653793
SG_006074,0.0730458348989486
SG_006075,0.0752730816602706
SG_006076,0.2052026242017746
SG_006077,0.2082666903734207
SG_006079,0.2308134883642196
SG_006081,0.1516193002462387
SG_006086,0.1497979164123535
SG_006092,0.16070157289505
SG_006095,0.1543263047933578
SG_006097,0.1546617597341537
SG_006099,0.2824536263942718
SG_006101,0.1833381205797195
SG_006112,0.2300212234258651
SG_006122,0.1952347159385681
SG_006127,0.1842961013317108
SG_006131,0.1287842690944671
SG_006133,0.1719838976860046
SG_006136,0.1509191691875457
SG_006137,0.1808484047651291
SG_006140,0.1808163821697235
SG_006143,0.1593950241804123
SG_006148,0.1221241503953933
SG_006150,0.1588455289602279
SG_006151,0.1884960532188415
SG_006154,0.0758688300848007
SG_006161,0.1360593289136886
SG_006163,0.1541997045278549
SG_006169,0.1542788594961166
SG_006170,0.1680783033370971
SG_006179,0.1661633998155594
SG_006181,0.1622946560382843
SG_006184,0.1502232700586319
SG_006187,0.088515356183052
SG_006189,0.1848009526729583
SG_006197,0.1441909819841385
SG_006202,0.1395863443613052
SG_006206,0.1443348824977874
SG_006212,0.1784719079732895
SG_006213,0.1818439066410064
SG_006218,0.1481926441192627
SG_006222,0.1620485633611679
SG_006224,0.1879391223192215
SG_006225,0.3312149345874786
SG_006226,0.2719592750072479
SG_006229,0.1134057492017746
SG_006237,0.1811395436525344
SG_006238,0.0798946917057037
SG_006240,0.1167531982064247
SG_006241,0.1243806034326553
SG_006242,0.1536651402711868
SG_006244,0.1716064363718032
SG_006245,0.141056627035141
SG_006247,0.1830324828624725
SG_006250,0.1174393445253372
SG_006251,0.2222770005464553
SG_006252,0.1803766936063766
SG_006254,0.161352202296257
SG_006256,0.2198811471462249
SG_006260,0.1854937374591827
SG_006262,0.2205461263656616
SG_006263,0.1563565731048584
SG_006264,0.1301836371421814
SG_006266,0.3802892863750458
SG_006269,0.2201451063156128
SG_006275,0.3185788094997406
SG_006277,0.1505081951618194
SG_006283,0.157249316573143
SG_006284,0.1329079419374466
SG_006287,0.15750452876091
SG_006288,0.1621337682008743
SG_006300,0.1665090471506118
SG_006301,0.1575675308704376
SG_006304,0.1341296285390854
SG_006306,0.1609369665384292
SG_006313,0.18533656001091
SG_006315,0.1895835995674133
SG_006317,0.1776281744241714
SG_006320,0.2021670937538147
SG_006322,0.2412830889225006
SG_006326,0.1625077277421951
SG_006328,0.1811801344156265
SG_006331,0.154574915766716
SG_006337,0.2057974338531494
SG_006340,0.1455327421426773
SG_006345,0.1934468746185302
SG_006348,0.1294629424810409
SG_006349,0.1391047090291977
SG_006356,0.1652082800865173
SG_006357,0.1185453459620475
SG_006358,0.1715955585241317
SG_006360,0.1871639639139175
SG_006371,0.1786128729581833
SG_006373,0.1759866625070572
SG_006380,0.1839776039123535
SG_006382,0.0999572351574897
SG_006388,0.0711053609848022
SG_006393,0.1414732486009597
SG_006394,0.1238529235124588
SG_006396,0.0775077193975448
SG_006398,0.1447931230068206
SG_006400,0.1784185022115707
SG_006403,0.1345113515853881
SG_006404,0.1598778218030929
SG_006411,0.146156832575798
SG_006417,0.2078625559806823
SG_006418,0.1989776492118835
SG_006420,0.2913481891155243
SG_006421,0.113990768790245
SG_006423,0.1074870973825454
SG_006424,0.1660644263029098
SG_006429,0.2101568877696991
SG_006435,0.1572160720825195
SG_006438,0.1573244482278823
SG_006439,0.1726388782262802
SG_006441,0.1194641590118408
SG_006445,0.1314394772052765
SG_006446,0.1315043121576309
SG_006448,0.1990685760974884
SG_006451,0.1385078877210617
SG_006452,0.2049146592617035
SG_006455,0.1848290562629699
SG_006463,0.1922342777252197
SG_006467,0.1429988890886306
SG_006469,0.172086164355278
SG_006470,0.164106473326683
SG_006477,0.1590721011161804
SG_006480,0.2580181658267975
SG_006486,0.1264630556106567
SG_006487,0.1099391654133796
SG_006488,0.1903261393308639
SG_006490,0.2299510836601257
SG_006491,0.1514678299427032
SG_006493,0.1417010277509689
SG_006494,0.1985699385404586
SG_006496,0.107792429625988
SG_006497,0.2181295901536941
SG_006498,0.1631052494049072
SG_006500,0.2007579058408737
SG_006502,0.1058673933148384
SG_006503,0.1777698397636413
SG_006505,0.2951990067958832
SG_006506,0.272477239370346
SG_006507,0.1356438547372818
SG_006512,0.0995251834392547
SG_006516,0.1490147709846496
SG_006520,0.1534396708011627
SG_006522,0.1332459300756454
SG_006528,0.1912263631820678
SG_006534,0.1462263017892837
SG_006535,0.1591987907886505
SG_006536,0.1183196976780891
SG_006537,0.1586651802062988
SG_006539,0.1876918077468872
SG_006541,0.15191151201725
SG_006543,0.2285316288471222
SG_006545,0.1999634355306625
SG_006548,0.1293960064649582
SG_006550,0.0896004885435104
SG_006551,0.0795147567987442
SG_006557,0.134760096669197
SG_006560,0.0929863974452018
SG_006564,0.3267799615859985
SG_006566,0.1675817221403122
SG_006567,0.1512414067983627
SG_006577,0.1167188510298729
SG_006579,0.1345999836921692
SG_006581,0.1009388640522956
SG_006588,0.1526795029640197
SG_006592,0.2398981600999832
SG_006597,0.0908553674817085
SG_006601,0.130290687084198
SG_006607,0.0992667004466056
SG_006608,0.1716317981481552
SG_006610,0.1411960124969482
SG_006615,0.1661207228899002
SG_006616,0.1539280712604522
SG_006620,0.1550919264554977
SG_006622,0.1387561857700348
SG_006623,0.1612746566534042
SG_006624,0.1822886317968368
SG_006626,0.1674046665430069
SG_006627,0.2531371116638183
SG_006633,0.1603137552738189
SG_006637,0.1528029888868332
SG_006638,0.1647435277700424
SG_006639,0.163380742073059
SG_006644,0.2096908986568451
SG_006645,0.1900301426649093
SG_006651,0.218280479311943
SG_006659,0.1321014314889907
SG_006664,0.1456214040517807
SG_006668,0.1523947864770889
SG_006673,0.1216118484735488
SG_006687,0.1406480818986892
SG_006688,0.2468498647212982
SG_006690,0.1799518764019012
SG_006693,0.2376565188169479
SG_006698,0.115944467484951
SG_006700,0.151678130030632
SG_006706,0.1070541813969612
SG_006710,0.149272546172142
SG_006713,0.1554679125547409
SG_006716,0.2392202466726303
SG_006728,0.1413303315639495
SG_006734,0.2124411314725875
SG_006736,0.2272039055824279
SG_006744,0.2224799841642379
SG_006745,0.1424446702003479
SG_006749,0.1659927070140838
SG_006758,0.1744282096624374
SG_006760,0.1801297813653946
SG_006765,0.1552332043647766
SG_006766,0.2653383612632751
SG_006769,0.2010090798139572
SG_006778,0.1736130714416504
SG_006780,0.1111994385719299
SG_006781,0.1578951030969619
SG_006786,0.1636067628860473
SG_006789,0.1772545725107193
SG_006792,0.2344203442335128
SG_006793,0.1140416264533996
SG_006800,0.1999051421880722
SG_006802,0.185352087020874
SG_006808,0.1548981964588165
SG_006820,0.1550684571266174
SG_006833,0.1450328379869461
SG_006835,0.1588225066661834
SG_006837,0.1427361220121383
SG_006841,0.1509167253971099
SG_006847,0.1915979981422424
SG_006848,0.1200068145990371
SG_006851,0.1487641036510467
SG_006852,0.2123158574104309
SG_006860,0.1230019181966781
SG_006861,0.135843276977539
SG_006863,0.1223174035549163
SG_006866,0.1415938436985016
SG_006868,0.1843640208244323
SG_006874,0.1241844519972801
SG_006877,0.1679630279541015
SG_006879,0.1595948785543441
SG_006880,0.1555430144071579
SG_006881,0.1669370681047439
SG_006889,0.0672130957245826
SG_006890,0.249441921710968
SG_006897,0.3305005729198456
SG_006901,0.2401823252439499
SG_006908,0.1302659064531326
SG_006910,0.1524438560009002
SG_006914,0.2516744136810303
SG_006918,0.1466894745826721
SG_006924,0.1517806351184845
SG_006925,0.1733413785696029
SG_006927,0.2012896537780761
SG_006929,0.1511949449777603
SG_006937,0.2262394279241562
SG_006938,0.1059986874461174
SG_006940,0.1774593889713287
SG_006942,0.121678203344345
SG_006945,0.0940654724836349
SG_006949,0.1930703222751617
SG_006950,0.222042977809906
SG_006951,0.1463142484426498
SG_006953,0.102088451385498
SG_006954,0.1359308063983917
SG_006956,0.1907467395067215
SG_006957,0.2463626861572265
SG_006962,0.1729535609483719
SG_006963,0.0868604630231857
SG_006964,0.1291798502206802
SG_006966,0.0786967277526855
SG_006970,0.1883040517568588
SG_006971,0.2028981447219848
SG_006972,0.1356229335069656
SG_006974,0.3844744563102722
SG_006977,0.1617073565721511
SG_006978,0.1280943006277084
SG_006981,0.2130479961633682
SG_006982,0.4193215370178222
SG_006983,0.090145505964756
SG_006984,0.1670524626970291
SG_006987,0.1788245439529419
SG_006994,0.1683298051357269
SG_006997,0.1084289327263832
SG_007002,0.1616408228874206
SG_007005,0.2225102335214615
SG_007009,0.1921147108078003
SG_007011,0.1697908341884613
SG_007017,0.0840692818164825
SG_007018,0.0847933143377304
SG_007019,0.1628710627555847
SG_007029,0.2052991688251495
SG_007030,0.1027087345719337
SG_007033,0.179662674665451
SG_007040,0.1829020678997039
SG_007047,0.2191589623689651
SG_007054,0.1068389490246772
SG_007055,0.2703066170215606
SG_007056,0.2070362567901611
SG_007061,0.1487629562616348
SG_007062,0.1539729833602905
SG_007067,0.1638940423727035
SG_007068,0.1870015561580658
SG_007069,0.2443365603685379
SG_007073,0.0944773405790329
SG_007075,0.1919984966516494
SG_007076,0.0975335538387298
SG_007078,0.2166702300310135
SG_007080,0.1623032391071319
SG_007091,0.1352458298206329
SG_007095,0.1791802942752838
SG_007100,0.1962600499391555
SG_007104,0.2005546987056732
SG_007112,0.1584976613521576
SG_007114,0.1482961475849151
SG_007127,0.0918141975998878
SG_007130,0.1233394518494606
SG_007133,0.1906254589557647
SG_007136,0.1541451662778854
SG_007138,0.1816121041774749
SG_007139,0.1470166742801666
SG_007143,0.1413957774639129
SG_007146,0.1973601281642913
SG_007150,0.1811179220676422
SG_007155,0.176638126373291
SG_007157,0.1654722988605499
SG_007160,0.2043784260749817
SG_007162,0.1461213082075119
SG_007163,0.1672053337097168
SG_007166,0.1532077938318252
SG_007168,0.1283087581396103
SG_007170,0.1944667994976043
SG_007179,0.1087682992219924
SG_007181,0.1344189196825027
SG_007183,0.210664764046669
SG_007186,0.089689165353775
SG_007202,0.1713292449712753
SG_007203,0.1957657784223556
SG_007204,0.1472635716199875
SG_007205,0.2082692235708236
SG_007210,0.2361746728420257
SG_007212,0.2235192060470581
SG_007215,0.0622397288680076
SG_007218,0.200545847415924
SG_007226,0.1265486031770706
SG_007229,0.1594312191009521
SG_007231,0.175415888428688
SG_007234,0.1757215559482574
SG_007237,0.310681015253067
SG_007239,0.1410308480262756
SG_007240,0.1910947263240814
SG_007249,0.1661275774240493
SG_007252,0.1183797642588615
SG_007255,0.1006896048784256
SG_007256,0.2176638543605804
SG_007257,0.2205119431018829
SG_007263,0.1904021501541137
SG_007264,0.1122379750013351
SG_007265,0.1959105730056762
SG_007268,0.1632713228464126
SG_007271,0.1685167551040649
SG_007275,0.1752778738737106
SG_007280,0.1916863024234771
SG_007281,0.1997998654842376
SG_007282,0.2093064188957214
SG_007283,0.1317284256219864
SG_007287,0.1118121594190597
SG_007288,0.1888505965471267
SG_007301,0.3043694198131561
SG_007307,0.2123129963874817
SG_007310,0.1788791865110397
SG_007312,0.1958747804164886
SG_007314,0.22369185090065
SG_007319,0.1709302365779876
SG_007326,0.1719245314598083
SG_007331,0.1016448587179184
SG_007333,0.2345867156982422
SG_007334,0.1941128671169281
SG_007338,0.1004866510629654
SG_007340,0.1918956339359283
SG_007345,0.1382423937320709
SG_007349,0.2144899219274521
SG_007356,0.1276556104421615
SG_007358,0.0825090259313583
SG_007368,0.1394313871860504
SG_007370,0.1095542907714843
SG_007371,0.2286483347415924
SG_007372,0.1604814529418945
SG_007375,0.1360620111227035
SG_007378,0.1652399748563766
SG_007379,0.1382735669612884
SG_007380,0.2151834666728973
SG_007383,0.0982635766267776
SG_007384,0.1935724765062332
SG_007389,0.1590009480714798
SG_007390,0.1533514708280563
SG_007401,0.2693493068218231
SG_007403,0.1988484114408493
SG_007406,0.1648558527231216
SG_007409,0.2321047633886337
SG_007410,0.2431468218564987
SG_007413,0.2119454592466354
SG_007416,0.2011816054582595
SG_007419,0.129354789853096
SG_007420,0.2553028464317322
SG_007423,0.1839028745889663
SG_007424,0.2408213764429092
SG_007428,0.1905428767204284
SG_007433,0.1475818157196045
SG_007434,0.084940917789936
SG_007437,0.1365438550710678
SG_007441,0.2373005300760269
SG_007443,0.2572836875915527
SG_007450,0.136755108833313
SG_007452,0.2163213044404983
SG_007455,0.1485511511564254
SG_007462,0.1515637338161468
SG_007464,0.1775786131620407
SG_007466,0.1370820999145507
SG_007469,0.1500662416219711
SG_007470,0.3178518712520599
SG_007472,0.1175983324646949
SG_007476,0.2380948662757873
SG_007486,0.3075204193592071
SG_007489,0.1825522929430008
SG_007490,0.1789693832397461
SG_007495,0.2464421242475509
SG_007499,0.2378862053155899
SG_007506,0.0833927020430564
SG_007508,0.2039268910884857
SG_007509,0.1083435639739036
SG_007517,0.1725769639015197
SG_007518,0.2082016617059707
SG_007522,0.1905724257230758
SG_007524,0.2090974003076553
SG_007527,0.1057967767119407
SG_007535,0.1444388329982757
SG_007540,0.3133094906806946
SG_007546,0.1831144392490387
SG_007552,0.2324621379375457
SG_007553,0.1560553759336471
SG_007557,0.202885627746582
SG_007558,0.240040585398674
SG_007560,0.2176602780818939
SG_007568,0.107976533472538
SG_007571,0.222917303442955
SG_007573,0.1503213196992874
SG_007577,0.1319873929023742
SG_007578,0.1782914847135543
SG_007579,0.0704221874475479
SG_007582,0.238472118973732
SG_007586,0.0920603945851326
SG_007587,0.1846903413534164
SG_007589,0.1361993998289108
SG_007591,0.1159920990467071
SG_007595,0.1423025578260421
SG_007597,0.1705573201179504
SG_007599,0.1298910826444625
SG_007602,0.183416873216629
SG_007605,0.101069338619709
SG_007609,0.1266822963953018
SG_007614,0.2309616655111313
SG_007620,0.1158759817481041
SG_007628,0.214774951338768
SG_007630,0.1279682964086532
SG_007646,0.1976307481527328
SG_007648,0.1147526800632476
SG_007654,0.1393025517463684
SG_007655,0.1977681666612625
SG_007656,0.3127048909664154
SG_007657,0.1929095536470413
SG_007658,0.1458843201398849
SG_007659,0.2307822555303573
SG_007660,0.1630988121032714
SG_007663,0.147372230887413
SG_007665,0.2688397169113159
SG_007667,0.1960556805133819
SG_007670,0.216831550002098
SG_007678,0.1129910796880722
SG_007679,0.3816299140453338
SG_007681,0.1070451438426971
SG_007685,0.1483201682567596
SG_007686,0.1738976687192917
SG_007687,0.1632991135120391
SG_007688,0.1739371865987777
SG_007691,0.0983493998646736
SG_007696,0.1213786676526069
SG_007698,0.1331086754798889
SG_007700,0.2053029090166092
SG_007703,0.1038253381848335
SG_007704,0.1825871914625167
SG_007706,0.1820031851530075
SG_007711,0.1609355956315994
SG_007712,0.171668991446495
SG_007714,0.1371481418609619
SG_007717,0.2530867457389831
SG_007719,0.1334295868873596
SG_007720,0.1313818097114563
SG_007721,0.1873835176229477
SG_007728,0.1693808883428573
SG_007737,0.2296341806650161
SG_007741,0.1384868919849395
SG_007742,0.1728602051734924
SG_007744,0.1553748697042465
SG_007746,0.2445845454931259
SG_007748,0.1168022826313972
SG_007750,0.0947141051292419
SG_007751,0.0776107758283615
SG_007752,0.154300644993782
SG_007758,0.2729449868202209
SG_007760,0.1831025630235672
SG_007762,0.28569296002388
SG_007770,0.1658046394586563
SG_007772,0.2070045918226242
SG_007776,0.1159946620464325
SG_007780,0.1859387308359146
SG_007781,0.2067495882511139
SG_007782,0.1028115302324295
SG_007787,0.2203548997640609
SG_007800,0.2721263170242309
SG_007801,0.1613646447658538
SG_007804,0.1267533004283905
SG_007805,0.2050726413726806
SG_007807,0.156577467918396
SG_007808,0.2270381599664688
SG_007813,0.1626978516578674
SG_007815,0.047294296324253
SG_007817,0.18115895986557
SG_007818,0.1815730482339859
SG_007820,0.1376386880874633
SG_007822,0.2334932684898376
SG_007823,0.1660776734352111
SG_007824,0.108430840075016
SG_007834,0.1576106995344162
SG_007836,0.0857132151722908
SG_007839,0.1256956905126571
SG_007842,0.0610300153493881
SG_007844,0.1879639774560928
SG_007846,0.0962893962860107
SG_007849,0.1708775013685226
SG_007858,0.195926159620285
SG_007864,0.2227884232997894
SG_007866,0.1527013182640075
SG_007875,0.1884289532899856
SG_007876,0.1704283058643341
SG_007880,0.2084918469190597
SG_007884,0.144429937005043
SG_007889,0.2241456806659698
SG_007892,0.1875833421945572
SG_007897,0.1763992607593536
SG_007898,0.1838334053754806
SG_007899,0.1344351321458816
SG_007901,0.2219906598329544
SG_007908,0.2447828948497772
SG_007910,0.1472848653793335
SG_007922,0.1073634400963783
SG_007923,0.1566915512084961
SG_007926,0.2723470628261566
SG_007931,0.1821378618478775
SG_007933,0.1576983332633972
SG_007939,0.2953566908836365
SG_007940,0.1484897285699844
SG_007946,0.1441507935523986
SG_007947,0.1520226001739502
SG_007948,0.147373765707016
SG_007954,0.1225003898143768
SG_007957,0.0900885760784149
SG_007960,0.159359335899353
SG_007964,0.1725945025682449
SG_007965,0.1659437417984008
SG_007980,0.2380308806896209
SG_007985,0.1270963102579116
SG_007992,0.1353316158056259
SG_007996,0.1706736832857132
SG_007998,0.1215878725051879
SG_007999,0.1285199373960495
SG_008014,0.1083767563104629
SG_008015,0.1362626403570175
SG_008020,0.1346255838871002
SG_008026,0.1241418570280075
SG_008033,0.1562774926424026
SG_008043,0.178675964474678
SG_008050,0.1609468460083007
SG_008055,0.1705164909362793
SG_008056,0.2176794409751892
SG_008058,0.2376694828271865
SG_008067,0.1730153113603592
SG_008074,0.210244134068489
SG_008076,0.1410915255546569
SG_008081,0.1784270107746124
SG_008091,0.0993371531367302
SG_008099,0.1184855848550796
SG_008100,0.1129795685410499
SG_008101,0.0914443209767341
SG_008104,0.1655652374029159
SG_008115,0.2281773686408996
SG_008117,0.1611985713243484
SG_008118,0.2109381705522537
SG_008127,0.1861515045166015
SG_008131,0.1877449452877044
SG_008133,0.2049707025289535
SG_008137,0.1857302784919738
SG_008140,0.1812277436256408
SG_008141,0.2364001125097274
SG_008145,0.0990378782153129
SG_008152,0.074731670320034
SG_008156,0.1581701785326004
SG_008160,0.1114108562469482
SG_008164,0.2015162259340286
SG_008167,0.2218310385942459
SG_008175,0.1040311530232429
SG_008176,0.2479528486728668
SG_008183,0.2050091475248336
SG_008188,0.172577679157257
SG_008191,0.1168028935790062
SG_008192,0.1292978525161743
SG_008193,0.1007535681128501
SG_008195,0.1672030836343765
SG_008202,0.1886836737394333
SG_008213,0.2033647447824478
SG_008217,0.2946343123912811
SG_008224,0.1127513200044632
SG_008228,0.1845704466104507
SG_008229,0.0965743362903595
SG_008237,0.1445549577474594
SG_008242,0.0898899361491203
SG_008246,0.2123508602380752
SG_008248,0.1374818533658981
SG_008249,0.2410535663366317
SG_008253,0.2171308696269989
SG_008257,0.1775640696287155
SG_008261,0.2289398312568664
SG_008264,0.1900279968976974
SG_008265,0.1698923259973526
SG_008281,0.1496287733316421
SG_008283,0.1387301236391067
SG_008287,0.1260711550712585
SG_008291,0.3372695744037628
SG_008293,0.1670295894145965
SG_008294,0.1153851300477981
SG_008296,0.1702167987823486
SG_008298,0.163873553276062
SG_008309,0.2029647529125213
SG_008310,0.1451362818479538
SG_008312,0.1445004642009735
SG_008316,0.2601853907108307
SG_008317,0.0949034914374351
SG_008318,0.1573668420314788
SG_008327,0.0751633793115615
SG_008330,0.1566866636276245
SG_008333,0.0612582452595233
SG_008336,0.2290928661823272
SG_008345,0.1178172603249549
SG_008347,0.0883181616663932
SG_008355,0.2241139560937881
SG_008358,0.1240153387188911
SG_008359,0.2621862590312958
SG_008360,0.1590039134025573
SG_008361,0.1336006075143814
SG_008362,0.2166685312986374
SG_008365,0.1334574967622757
SG_008366,0.2090320438146591
SG_008375,0.1578448265790939
SG_008376,0.1819259375333786
SG_008382,0.1455865055322647
SG_008383,0.2023350745439529
SG_008388,0.1685103774070739
SG_008389,0.2309876382350921
SG_008392,0.1604799777269363
SG_008396,0.1165061146020889
SG_008402,0.1347536146640777
SG_008410,0.1728724688291549
SG_008413,0.1781142055988311
SG_008417,0.188409224152565
SG_008420,0.1937554329633712
SG_008422,0.1378310471773147
SG_008435,0.2185765355825424
SG_008440,0.0815778151154518
SG_008441,0.2525770366191864
SG_008442,0.1318847835063934
SG_008443,0.0970877036452293
SG_008444,0.1218266114592552
SG_008449,0.1767551898956298
SG_008452,0.1848938316106796
SG_008457,0.2088382691144943
SG_008459,0.1396877616643905
SG_008462,0.1725317239761352
SG_008467,0.2487160116434097
SG_008468,0.2057129740715026
SG_008478,0.1066535860300064
SG_008482,0.3456966280937195
SG_008484,0.2355375587940216
SG_008485,0.1594051420688629
SG_008494,0.2231003493070602
SG_008497,0.1240120381116867
SG_008498,0.1341428607702255
SG_008500,0.2636383771896362
SG_008501,0.2082899808883667
SG_008504,0.1241927444934845
SG_008506,0.1731174886226654
SG_008512,0.2546091079711914
SG_008514,0.3224919736385345
SG_008517,0.1716352999210357
SG_008522,0.1600523889064788
SG_008527,0.1489728391170501
SG_008529,0.1865774691104889
SG_008531,0.069572128355503
SG_008534,0.3539950549602508
SG_008535,0.2057398557662964
SG_008536,0.1253203749656677
SG_008538,0.2191634029150009
SG_008541,0.142168641090393
SG_008542,0.1873375624418258
SG_008545,0.2309924662113189
SG_008547,0.1558490991592407
SG_008549,0.2235978096723556
SG_008550,0.2080822587013244
SG_008551,0.1385038346052169
SG_008553,0.1214361041784286
SG_008555,0.1491682678461074
SG_008557,0.15709288418293
SG_008561,0.1437867283821106
SG_008564,0.1498847305774688
SG_008565,0.2204718291759491
SG_008568,0.1596998125314712
SG_008569,0.1356543898582458
SG_008570,0.1738140285015106
SG_008572,0.160119354724884
SG_008574,0.18629951775074
SG_008575,0.2327651381492614
SG_008576,0.0806729048490524
SG_008577,0.1645701974630355
SG_008580,0.1020699366927146
SG_008586,0.1864933967590332
SG_008594,0.1700058281421661
SG_008598,0.1427809447050094
SG_008600,0.2313964664936065
SG_008614,0.1673416048288345
SG_008615,0.184140995144844
SG_008617,0.1514461487531662
SG_008624,0.209661528468132
SG_008630,0.1671613454818725
SG_008635,0.1264300048351287
SG_008636,0.1452476978302002
SG_008639,0.2362488806247711
SG_008645,0.1560052931308746
SG_008646,0.1213485524058342
SG_008650,0.2019006013870239
SG_008653,0.2338411509990692
SG_008669,0.1909956187009811
SG_008671,0.21580670773983
SG_008689,0.2454199194908142
SG_008691,0.2651062607765198
SG_008693,0.1945336014032364
SG_008708,0.1464257091283798
SG_008714,0.2219084650278091
SG_008726,0.1513458639383316
SG_008727,0.2572653591632843
SG_008729,0.1515590995550155
SG_008734,0.2228942215442657
SG_008735,0.2383231818675995
SG_008737,0.2325937300920486
SG_008739,0.0985892638564109
SG_008745,0.2665170431137085
SG_008749,0.1502279937267303
SG_008755,0.1329517662525177
SG_008759,0.1510248184204101
SG_008766,0.1524381190538406
SG_008769,0.1600185483694076
SG_008770,0.1653127074241638
SG_008771,0.1277779042720794
SG_008773,0.183974027633667
SG_008774,0.2361054569482803
SG_008776,0.0751280337572097
SG_008777,0.1850252002477646
SG_008780,0.172650396823883
SG_008782,0.1142731457948684
SG_008784,0.196160614490509
SG_008785,0.1374421566724777
SG_008787,0.1501821279525756
SG_008789,0.1526853889226913
SG_008793,0.2008783370256424
SG_008798,0.1442559957504272
SG_008810,0.1968549489974975
SG_008816,0.2236299216747284
SG_008823,0.2024170309305191
SG_008824,0.1080626174807548
SG_008825,0.1599578112363815
SG_008828,0.1946888715028762
SG_008836,0.1122482344508171
SG_008839,0.1620202660560608
SG_008840,0.0705372840166091
SG_008841,0.1705979257822036
SG_008843,0.1510714143514633
SG_008844,0.1649637222290039
SG_008845,0.1234887540340423
SG_008849,0.182210087776184
SG_008850,0.1897222995758056
SG_008853,0.2417695969343185
SG_008855,0.1669568568468094
SG_008859,0.1756277382373809
SG_008862,0.149497389793396
SG_008864,0.1531818658113479
SG_008865,0.1489056199789047
SG_008866,0.0560840517282485
SG_008867,0.4054003953933716
SG_008869,0.2085093855857849
SG_008876,0.156303584575653
SG_008881,0.2036647647619247
SG_008883,0.083019770681858
SG_008888,0.0982604697346687
SG_008889,0.2220766544342041
SG_008895,0.1782311499118805
SG_008897,0.1483941525220871
SG_008901,0.1700477600097656
SG_008905,0.1050542593002319
SG_008907,0.0985429733991622
SG_008908,0.1144189238548278
SG_008910,0.1761809885501861
SG_008913,0.2242044061422348
SG_008914,0.1425783336162567
SG_008917,0.1451243311166763
SG_008919,0.1609337776899337
SG_008920,0.1710797399282455
SG_008925,0.1731679886579513
SG_008926,0.1490337401628494
SG_008927,0.1235559061169624
SG_008930,0.2111502140760421
SG_008932,0.1105116382241249
SG_008934,0.1819136291742324
SG_008937,0.1390905678272247
SG_008940,0.116842545568943
SG_008943,0.1879177242517471
SG_008947,0.1159888505935669
SG_008955,0.1791243404150009
SG_008960,0.2394873797893524
SG_008962,0.1007145643234252
SG_008964,0.1434720605611801
SG_008965,0.0912921950221061
SG_008966,0.1322021037340164
SG_008971,0.1697514504194259
SG_008972,0.097797617316246
SG_008976,0.1573923677206039
SG_008978,0.1316353380680084
SG_008983,0.1407639533281326
SG_008989,0.3089465200901031
SG_008990,0.1768480092287063
SG_008994,0.1564263254404068
SG_008996,0.212769940495491
SG_008998,0.0989221408963203
SG_008999,0.1159441545605659
SG_009001,0.1884298175573349
SG_009005,0.1975648403167724
SG_009006,0.1498578786849975
SG_009011,0.1648665815591812
SG_009017,0.1414816230535507
SG_009018,0.1402443796396255
SG_009032,0.1212276220321655
SG_009034,0.1581418216228485
SG_009043,0.1875960975885391
SG_009047,0.1300940811634063
SG_009048,0.1911808550357818
SG_009053,0.1420117616653442
SG_009055,0.167418971657753
SG_009058,0.1673302352428436
SG_009063,0.2257533073425293
SG_009064,0.1749291718006134
SG_009065,0.2216763645410537
SG_009069,0.1423739343881607
SG_009070,0.146760955452919
SG_009072,0.1431488543748855
SG_009075,0.1411677300930023
SG_009079,0.1340233981609344
SG_009080,0.1854870468378067
SG_009081,0.1672028750181198
SG_009083,0.1464665532112121
SG_009085,0.0985535532236099
SG_009091,0.2613528668880462
SG_009093,0.1467509120702743
SG_009100,0.0957638993859291
SG_009109,0.1678464859724044
SG_009115,0.182566225528717
SG_009119,0.1830348223447799
SG_009120,0.1784795820713043
SG_009123,0.1967022269964218
SG_009124,0.1359966248273849
SG_009127,0.0967687666416168
SG_009128,0.1626824289560318
SG_009135,0.2429108321666717
SG_009136,0.4106235802173614
SG_009139,0.2178142815828323
SG_009146,0.3113861083984375
SG_009147,0.2347675263881683
SG_009149,0.0703191086649894
SG_009150,0.1933299154043197
SG_009152,0.2387834340333938
SG_009153,0.1949667334556579
SG_009159,0.2062404006719589
SG_009168,0.265026718378067
SG_009169,0.2008781284093856
SG_009170,0.0964981392025947
SG_009172,0.0950294509530067
SG_009176,0.1338756680488586
SG_009179,0.2266910523176193
SG_009183,0.1748872250318527
SG_009193,0.2961388826370239
SG_009196,0.1355057209730148
SG_009199,0.1674852967262268
SG_009202,0.2359133064746856
SG_009203,0.1026690825819969
SG_009204,0.0980206876993179
SG_009206,0.1011335402727127
SG_009207,0.2532896995544433
SG_009209,0.1720510125160217
SG_009210,0.2094188332557678
SG_009214,0.1515023708343505
SG_009220,0.1980078667402267
SG_009223,0.1607987731695175
SG_009224,0.1891269087791443
SG_009225,0.1007636338472366
SG_009226,0.3363538980484009
SG_009229,0.126360073685646
SG_009230,0.2228313237428665
SG_009236,0.1559143215417862
SG_009242,0.1249972581863403
SG_009246,0.2228791862726211
SG_009250,0.177071064710617
SG_009253,0.2862025499343872
SG_009266,0.3081866204738617
SG_009268,0.2021919190883636
SG_009272,0.2062826156616211
SG_009273,0.1311673671007156
SG_009274,0.2058870196342468
SG_009277,0.1871944665908813
SG_009278,0.1684798896312713
SG_009279,0.1027931049466133
SG_009280,0.1378969699144363
SG_009281,0.1553856432437896
SG_009289,0.1557502746582031
SG_009290,0.184370681643486
SG_009299,0.1184388399124145
SG_009300,0.1406362056732177
SG_009305,0.1111044734716415
SG_009307,0.218730166554451
SG_009319,0.1432075053453445
SG_009328,0.1066908463835716
SG_009333,0.1635901480913162
SG_009335,0.1779343634843826
SG_009341,0.1461575478315353
SG_009347,0.1306101232767105
SG_009354,0.2196816354990005
SG_009355,0.2834883332252502
SG_009357,0.1434471309185028
SG_009362,0.2029747515916824
SG_009363,0.2909588813781738
SG_009365,0.149788349866867
SG_009366,0.212747573852539
SG_009367,0.2054486274719238
SG_009370,0.2730982005596161
SG_009386,0.1553173214197158
SG_009392,0.1636686027050018
SG_009398,0.122351087629795
SG_009400,0.1411523073911667
SG_009402,0.2127604335546493
SG_009403,0.1931956857442855
SG_009404,0.1406572610139846
SG_009406,0.2126264423131942
SG_009407,0.2126814723014831
SG_009408,0.0805777534842491
SG_009409,0.0848758369684219
SG_009410,0.2845820784568786
SG_009411,0.231118306517601
SG_009412,0.1352336406707763
SG_009413,0.0715013369917869
SG_009415,0.1708011627197265
SG_009417,0.2076365053653717
SG_009419,0.116761676967144
SG_009425,0.1977081447839737
SG_009426,0.146158829331398
SG_009427,0.1548493802547454
SG_009429,0.0663102343678474
SG_009434,0.1386659145355224
SG_009438,0.1646181493997573
SG_009441,0.1657287031412124
SG_009442,0.1682861149311065
SG_009444,0.2074314206838607
SG_009445,0.2271866798400879
SG_009446,0.1288452744483947
SG_009447,0.1319997012615203
SG_009449,0.1673208475112915
SG_009455,0.1169779002666473
SG_009458,0.2456198036670684
SG_009461,0.2722086608409881
SG_009462,0.2016867399215698
SG_009466,0.1613403409719467
SG_009473,0.1593716740608215
SG_009478,0.1757103651762008
SG_009479,0.2327951192855835
SG_009481,0.1282056272029876
SG_009485,0.1166075989603996
SG_009490,0.2777033746242523
SG_009496,0.1327578127384185
SG_009500,0.1405699104070663
SG_009502,0.3158304393291473
SG_009504,0.221399113535881
SG_009505,0.1292598694562912
SG_009516,0.1183426231145858
SG_009518,0.2168201357126236
SG_009519,0.2063952088356018
SG_009528,0.1238339096307754
SG_009529,0.1860676556825637
SG_009530,0.1143539398908615
SG_009533,0.257132738828659
SG_009537,0.1511142998933792
SG_009539,0.160441368818283
SG_009540,0.2081664800643921
SG_009541,0.2303333580493927
SG_009544,0.133215844631195
SG_009556,0.1770085096359253
SG_009558,0.238504558801651
SG_009566,0.1422367691993713
SG_009567,0.1494478285312652
SG_009569,0.0876962766051292
SG_009573,0.1382208913564682
SG_009577,0.0841826573014259
SG_009581,0.1692970246076584
SG_009582,0.1805095374584198
SG_009584,0.0981663390994072
SG_009585,0.20999276638031
SG_009589,0.1554147899150848
SG_009592,0.1262183636426925
SG_009593,0.2025252282619476
SG_009602,0.1513074189424514
SG_009614,0.1366053521633148
SG_009616,0.230492278933525
SG_009618,0.2153693586587906
SG_009619,0.1491210609674453
SG_009620,0.2076537758111953
SG_009622,0.1147873997688293
SG_009630,0.1219047084450721
SG_009632,0.132867619395256
SG_009639,0.1381647735834121
SG_009649,0.2360240966081619
SG_009651,0.183246910572052
SG_009661,0.0754930675029754
SG_009670,0.1595807820558548
SG_009671,0.1920017004013061
SG_009679,0.1930423378944397
SG_009681,0.0891878977417945
SG_009683,0.1682369709014892
SG_009687,0.2063309550285339
SG_009690,0.2008889615535736
SG_009691,0.2174550294876098
SG_009694,0.194604218006134
SG_009696,0.2271971553564071
SG_009701,0.210889384150505
SG_009702,0.1351489871740341
SG_009707,0.110269971191883
SG_009716,0.1125641465187072
SG_009718,0.1774817556142807
SG_009727,0.1341981142759323
SG_009736,0.0969696938991546
SG_009741,0.1590524166822433
SG_009744,0.1718474477529525
SG_009746,0.1326095312833786
SG_009747,0.2174009978771209
SG_009751,0.2238453030586242
SG_009754,0.1663193255662918
SG_009757,0.1058596819639206
SG_009759,0.1601076126098632
SG_009760,0.228115975856781
SG_009762,0.1565034538507461
SG_009763,0.1551108807325363
SG_009766,0.1304509043693542
SG_009776,0.1773695051670074
SG_009778,0.2352668493986129
SG_009780,0.2878086268901825
SG_009782,0.3173224329948425
SG_009783,0.1533701121807098
SG_009785,0.1865692883729934
SG_009786,0.2093135267496109
SG_009791,0.1918004751205444
SG_009794,0.123785376548767
SG_009795,0.1937457770109176
SG_009799,0.1689231544733047
SG_009800,0.2084833979606628
SG_009814,0.2403085380792617
SG_009819,0.1455961912870407
SG_009824,0.1828942447900772
SG_009825,0.258563756942749
SG_009829,0.1692515164613723
SG_009834,0.170527771115303
SG_009837,0.1967273950576782
SG_009838,0.1229196339845657
SG_009843,0.2029740661382675
SG_009845,0.1652131229639053
SG_009851,0.1589814573526382
SG_009855,0.2305574119091034
SG_009856,0.174586534500122
SG_009862,0.1800132393836975
SG_009865,0.0886782258749008
SG_009867,0.1431739628314972
SG_009868,0.174966961145401
SG_009869,0.1123635172843933
SG_009870,0.1686841398477554
SG_009875,0.155450627207756
SG_009876,0.1893430203199386
SG_009877,0.2150990217924118
SG_009878,0.288911372423172
SG_009880,0.2188383489847183
SG_009881,0.1394322365522384
SG_009895,0.2899664938449859
SG_009905,0.1946746855974197
SG_009909,0.1942155510187149
SG_009914,0.162596195936203
SG_009916,0.1530203819274902
SG_009921,0.1072236374020576
SG_009923,0.2344963997602462
SG_009926,0.2238546162843704
SG_009929,0.2183913141489029
SG_009932,0.1672844141721725
SG_009933,0.0994436666369438
SG_009935,0.1478109061717987
SG_009936,0.1545183956623077
SG_009937,0.1366146802902221
SG_009941,0.1540561765432357
SG_009942,0.2076148390769958
SG_009953,0.3142465353012085
SG_009956,0.1094658300280571
SG_009959,0.1455150246620178
SG_009964,0.1306480765342712
SG_009972,0.204346090555191
SG_009977,0.1704482436180114
SG_009979,0.2234165370464325
SG_009982,0.1107127889990806
SG_009985,0.2549836039543152
SG_009987,0.0720319077372551
SG_009989,0.1699878573417663
SG_009993,0.1598665863275528
SG_009997,0.1531871557235717
SG_009999,0.1366771161556244
SG_010002,0.1783751845359802
SG_010007,0.1885210573673248
SG_010008,0.1059394553303718
SG_010009,0.0897894576191902
SG_010010,0.1791092306375503
SG_010011,0.1345898658037185
SG_010012,0.0939352735877037
SG_010014,0.1187668219208717
SG_010015,0.1788154989480972
SG_010019,0.1297288239002227
SG_010020,0.1414097249507904
SG_010021,0.1370906829833984
SG_010024,0.1393917053937912
SG_010025,0.139383003115654
SG_010034,0.1893290430307388
SG_010037,0.1338925063610077
SG_010038,0.2097864598035812
SG_010042,0.1631419956684112
SG_010045,0.1840900778770446
SG_010047,0.0965678989887237
SG_010048,0.1387864351272583
SG_010050,0.174466386437416
SG_010052,0.1438087671995163
SG_010058,0.1691991835832595
SG_010061,0.2049393951892852
SG_010068,0.1247869208455085
SG_010069,0.1782503277063369
SG_010074,0.1783432513475418
SG_010078,0.0832087248563766
SG_010081,0.1437011063098907
SG_010084,0.1729672998189926
SG_010085,0.1232086718082428
SG_010086,0.3428428173065185
SG_010088,0.1725066304206848
SG_010091,0.0577946379780769
SG_010092,0.1912266910076141
SG_010099,0.1574142128229141
SG_010101,0.1592559963464737
SG_010103,0.1359459310770034
SG_010104,0.1811872124671936
SG_010106,0.234574094414711
SG_010109,0.1861624866724014
SG_010115,0.0964479893445968
SG_010116,0.2067490518093109
SG_010117,0.1894366145133972
SG_010123,0.2429261654615402
SG_010130,0.0979649871587753
SG_010132,0.0701401084661483
SG_010134,0.2592694163322449
SG_010142,0.1959474384784698
SG_010144,0.1412974745035171
SG_010146,0.2345001250505447
SG_010151,0.0765040963888168
SG_010153,0.3242001831531524
SG_010155,0.1430708765983581
SG_010157,0.225127175450325
SG_010165,0.1131655797362327
SG_010166,0.1050221100449562
SG_010169,0.0982715189456939
SG_010170,0.119274690747261
SG_010172,0.1329415887594223
SG_010173,0.1413777470588684
SG_010174,0.1662632822990417
SG_010175,0.1968350559473037
SG_010176,0.1920766979455948
SG_010182,0.1160245165228843
SG_010183,0.1893013715744018
SG_010184,0.2475719153881073
SG_010187,0.152072936296463
SG_010195,0.1232808679342269
SG_010198,0.1614605486392974
SG_010199,0.1414535343647003
SG_010200,0.120560273528099
SG_010204,0.1738130152225494
SG_010206,0.1730760931968689
SG_010208,0.1890460103750229
SG_010209,0.144933819770813
SG_010210,0.1643073856830597
SG_010213,0.1272780746221542
SG_010217,0.1484449505805969
SG_010226,0.1698175221681594
SG_010227,0.1367582231760025
SG_010234,0.1417904049158096
SG_010235,0.138196125626564
SG_010238,0.359527051448822
SG_010241,0.1352770775556564
SG_010242,0.1063567548990249
SG_010243,0.1240592822432518
SG_010246,0.2088635116815567
SG_010252,0.1942449063062667
SG_010253,0.3265639245510101
SG_010256,0.2351232320070266
SG_010257,0.1917376667261123
SG_010258,0.1120110601186752
SG_010259,0.1925338059663772
SG_010261,0.171301394701004
SG_010263,0.1164389178156852
SG_010265,0.1236551329493522
SG_010267,0.0925507247447967
SG_010271,0.0970565825700759
SG_010273,0.1904637366533279
SG_010274,0.1664035022258758
SG_010277,0.1867683976888656
SG_010284,0.1029878854751586
SG_010286,0.0994110107421875
SG_010287,0.3182467222213745
SG_010288,0.1034530401229858
SG_010293,0.1715527921915054
SG_010294,0.2692970037460327
SG_010298,0.174959510564804
SG_010306,0.1484099924564361
SG_010313,0.1712707728147506
SG_010315,0.2269214689731598
SG_010316,0.2387276738882064
SG_010319,0.1257750689983368
SG_010320,0.2740429639816284
SG_010322,0.1707935035228729
SG_010323,0.2690311670303345
SG_010326,0.1382080763578415
SG_010328,0.2178430557250976
SG_010329,0.2397487163543701
SG_010330,0.1657781451940536
SG_010332,0.0998486503958702
SG_010336,0.1846000999212265
SG_010344,0.1808910220861435
SG_010347,0.2180622369050979
SG_010350,0.179949402809143
SG_010352,0.3593268692493438
SG_010354,0.1241306439042091
SG_010358,0.1557802110910415
SG_010371,0.1061494946479797
SG_010373,0.2187613695859909
SG_010379,0.1006338074803352
SG_010386,0.1402640044689178
SG_010393,0.1250998079776764
SG_010394,0.1586223840713501
SG_010399,0.1710021644830703
SG_010401,0.1459558457136154
SG_010404,0.1596867144107818
SG_010406,0.1436921209096908
SG_010407,0.1669502109289169
SG_010409,0.3109813928604126
SG_010412,0.1881097108125686
SG_010418,0.1051927655935287
SG_010420,0.0813613384962081
SG_010424,0.2861241102218628
SG_010425,0.1634139716625213
SG_010428,0.2935336530208587
SG_010430,0.2947220504283905
SG_010431,0.2141631990671157
SG_010435,0.1449524611234665
SG_010442,0.2768701612949371
SG_010455,0.1349487453699112
SG_010459,0.1120516061782836
SG_010460,0.1881586015224456
SG_010461,0.1918407678604126
SG_010462,0.093684583902359
SG_010465,0.0787828043103218
SG_010467,0.138374850153923
SG_010469,0.1496658772230148
SG_010470,0.174813225865364
SG_010472,0.0766147673130035
SG_010475,0.1652187705039978
SG_010477,0.1784398257732391
SG_010481,0.1810017675161361
SG_010482,0.1057887002825737
SG_010483,0.2177184224128723
SG_010485,0.1397978216409683
SG_010486,0.1403353959321975
SG_010487,0.1744334548711776
SG_010490,0.2049425542354583
SG_010492,0.1351598352193832
SG_010493,0.0876769572496414
SG_010495,0.1403538882732391
SG_010498,0.1721306890249252
SG_010499,0.167539969086647
SG_010501,0.2019915729761123
SG_010503,0.105873629450798
SG_010505,0.1549259573221206
SG_010506,0.1263240724802017
SG_010507,0.1020040288567543
SG_010509,0.160814955830574
SG_010510,0.1924725472927093
SG_010515,0.1804480701684951
SG_010517,0.2284833192825317
SG_010518,0.1586890518665313
SG_010531,0.2119517624378204
SG_010546,0.2732174098491668
SG_010547,0.1262952983379364
SG_010550,0.162487655878067
SG_010552,0.0956188663840293
SG_010553,0.1666829884052276
SG_010555,0.127777561545372
SG_010561,0.1485790461301803
SG_010562,0.1925740540027618
SG_010563,0.16730497777462
SG_010569,0.1364108175039291
SG_010571,0.1638844460248947
SG_010577,0.1245714277029037
SG_010578,0.1077163591980934
SG_010579,0.1927098333835601
SG_010582,0.1222065836191177
SG_010585,0.1699448972940445
SG_010586,0.1663662046194076
SG_010588,0.1045248880982399
SG_010589,0.0767790153622627
SG_010590,0.261587917804718
SG_010592,0.3142561912536621
SG_010594,0.1381141990423202
SG_010598,0.1934671849012375
SG_010600,0.1880480647087097
SG_010607,0.1503050029277801
SG_010611,0.2143854647874832
SG_010615,0.3638972640037536
SG_010616,0.1795705705881118
SG_010619,0.113776184618473
SG_010627,0.1292948573827743
SG_010634,0.1259132474660873
SG_010635,0.1442064642906189
SG_010636,0.2011393010616302
SG_010649,0.2245110124349594
SG_010651,0.1705760508775711
SG_010653,0.1106793209910392
SG_010655,0.1110869571566581
SG_010659,0.1775323152542114
SG_010662,0.2681837975978851
SG_010664,0.1780099719762802
SG_010666,0.1380807906389236
SG_010668,0.1054386794567108
SG_010670,0.2357674837112426
SG_010673,0.1707182675600052
SG_010674,0.1819983422756195
SG_010679,0.1926209181547165
SG_010684,0.2252935320138931
SG_010685,0.1311387717723846
SG_010690,0.0680204406380653
SG_010696,0.174954667687416
SG_010700,0.1414245069026947
SG_010707,0.1961937099695205
SG_010708,0.1279458552598953
SG_010713,0.1845053881406784
SG_010717,0.1693103313446045
SG_010718,0.1802928745746612
SG_010721,0.2003868371248245
SG_010722,0.0881459414958953
SG_010726,0.1886315047740936
SG_010729,0.1462535411119461
SG_010733,0.1650407612323761
SG_010734,0.1375044882297516
SG_010737,0.153178185224533
SG_010739,0.1339187175035476
SG_010745,0.1922085881233215
SG_010752,0.1306151151657104
SG_010753,0.2331219166517257
SG_010757,0.1120713874697685
SG_010760,0.2256463021039962
SG_010763,0.2005562335252761
SG_010769,0.2116740942001342
SG_010772,0.181852251291275
SG_010773,0.1234547793865203
SG_010774,0.1554088145494461
SG_010781,0.1420678496360778
SG_010784,0.1059285029768943
SG_010789,0.1581324487924575
SG_010791,0.1456535458564758
SG_010795,0.2702378034591675
SG_010796,0.1750556081533432
SG_010798,0.1694378554821014
SG_010801,0.1400976181030273
SG_010803,0.2433484345674514
SG_010808,0.1443331390619278
SG_010809,0.1716524511575698
SG_010810,0.1998925358057022
SG_010814,0.2303319871425628
SG_010816,0.0951252058148384
SG_010818,0.1053327843546867
SG_010824,0.2068436294794082
SG_010828,0.1905478239059448
SG_010830,0.1852570921182632
SG_010831,0.099998839199543
SG_010837,0.2719679772853851
SG_010843,0.1059248223900795
SG_010844,0.2883091866970062
SG_010845,0.0917916223406791
SG_010846,0.1477949470281601
SG_010847,0.165752112865448
SG_010853,0.1323059201240539
SG_010857,0.1265885531902313
SG_010860,0.2347920536994934
SG_010863,0.1397757828235626
SG_010865,0.174075573682785
SG_010870,0.1794545203447342
SG_010871,0.2803557217121124
SG_010872,0.123462975025177
SG_010876,0.206791415810585
SG_010881,0.172567069530487
SG_010882,0.1461730301380157
SG_010884,0.1916352063417434
SG_010887,0.102085955440998
SG_010888,0.1625888645648956
SG_010889,0.1741079986095428
SG_010894,0.2805971801280975
SG_010896,0.1570633500814438
SG_010898,0.1295156627893448
SG_010902,0.1037204265594482
SG_010904,0.2373239696025848
SG_010907,0.243277296423912
SG_010911,0.1434831023216247
SG_010922,0.1500116735696792
SG_010930,0.1186674684286117
SG_010946,0.2241101562976837
SG_010951,0.1041726991534233
SG_010956,0.2081365883350372
SG_010960,0.3133904933929443
SG_010961,0.1562360376119613
SG_010962,0.2026212811470031
SG_010969,0.1662268638610839
SG_010971,0.115021027624607
SG_010973,0.270543098449707
SG_010974,0.1492223441600799
SG_010977,0.1092057451605796
SG_010982,0.1120879203081131
SG_010985,0.1748257875442505
SG_010986,0.1442878544330597
SG_010987,0.1625897288322448
SG_010993,0.1119970753788948
SG_010995,0.1146722361445427
SG_010998,0.3363267779350281
SG_011003,0.2370989471673965
SG_011010,0.0807744413614273
SG_011012,0.1353358030319214
SG_011016,0.2220243662595749
SG_011017,0.1582914441823959
SG_011025,0.1509245336055755
SG_011031,0.250378668308258
SG_011050,0.0555701926350593
SG_011052,0.1694540381431579
SG_011053,0.2034352719783783
SG_011055,0.1225657537579536
SG_011057,0.1752199530601501
SG_011060,0.0969146564602851
SG_011073,0.1917943805456161
SG_011075,0.1924957782030105
SG_011077,0.1519254148006439
SG_011088,0.1689178347587585
SG_011089,0.1622670590877533
SG_011097,0.1185280308127403
SG_011107,0.1743333488702774
SG_011110,0.1571373790502548
SG_011117,0.1127134561538696
SG_011120,0.1789965331554412
SG_011132,0.134145975112915
SG_011133,0.1646868139505386
SG_011139,0.3464780151844024
SG_011143,0.2363910526037216
SG_011144,0.0778001174330711
SG_011147,0.1976373940706253
SG_011148,0.1649426221847534
SG_011151,0.0801674425601959
SG_011152,0.2273895740509033
SG_011154,0.1127461567521095
SG_011158,0.2077488303184509
SG_011159,0.2788689136505127
SG_011160,0.2308272123336792
SG_011161,0.2476434260606765
SG_011162,0.1794122606515884
SG_011164,0.1524296402931213
SG_011169,0.1080427914857864
SG_011170,0.1111602634191513
SG_011175,0.1402422487735748
SG_011176,0.1955912560224533
SG_011177,0.1267949044704437
SG_011182,0.2062270790338516
SG_011184,0.2513471841812134
SG_011186,0.1619196385145187
SG_011190,0.1272744387388229
SG_011192,0.3113308250904083
SG_011199,0.1339445263147354
SG_011200,0.1463490128517151
SG_011201,0.0808103159070015
SG_011203,0.1521730870008468
SG_011208,0.3849126696586609
SG_011212,0.1543714553117752
SG_011214,0.1261681616306305
SG_011221,0.2276768535375595
SG_011222,0.1996842622756958
SG_011224,0.13687165081501
SG_011226,0.1509707272052765
SG_011235,0.1763679385185241
SG_011239,0.0863275378942489
SG_011250,0.1210574582219123
SG_011257,0.2331603020429611
SG_011259,0.1812427937984466
SG_011261,0.1053277626633644
SG_011262,0.1982716470956802
SG_011266,0.1862781196832656
SG_011274,0.113852173089981
SG_011275,0.10272878408432
SG_011279,0.1467705368995666
SG_011280,0.1792521625757217
SG_011285,0.0989298298954963
SG_011291,0.1593871712684631
SG_011294,0.1891064941883087
SG_011298,0.1591307818889618
SG_011303,0.1529132276773452
SG_011304,0.1216488257050514
SG_011306,0.1662651002407074
SG_011307,0.163669615983963
SG_011308,0.1846107095479965
SG_011309,0.1851169466972351
SG_011310,0.1685520708560943
SG_011312,0.2476792186498642
SG_011313,0.2961180806159973
SG_011327,0.1504419296979904
SG_011333,0.1241862177848815
SG_011335,0.1661091744899749
SG_011337,0.167073369026184
SG_011340,0.0483490675687789
SG_011343,0.1165492609143257
SG_011345,0.1700775325298309
SG_011347,0.167907178401947
SG_011350,0.1595931649208068
SG_011357,0.155432790517807
SG_011360,0.1617849767208099
SG_011361,0.2367484718561172
SG_011367,0.1088567599654197
SG_011371,0.144229382276535
SG_011376,0.1014204695820808
SG_011377,0.195616066455841
SG_011380,0.1760584414005279
SG_011381,0.0966123193502426
SG_011383,0.0977757275104522
SG_011398,0.1665684133768081
SG_011401,0.1827863156795501
SG_011413,0.1399058252573013
SG_011416,0.1690704375505447
SG_011420,0.1581170260906219
SG_011429,0.1365642249584198
SG_011432,0.0846534520387649
SG_011437,0.1607240587472915
SG_011443,0.1709309518337249
SG_011447,0.2463966012001037
SG_011450,0.1859322190284729
SG_011457,0.1899717450141906
SG_011458,0.1507449001073837
SG_011460,0.2104849368333816
SG_011464,0.1463032811880111
SG_011468,0.0764606818556785
SG_011469,0.2102197110652923
SG_011473,0.2143612504005432
SG_011475,0.2179426848888397
SG_011479,0.1492260694503784
SG_011482,0.1930474489927292
SG_011483,0.2225008010864257
SG_011492,0.1852102577686309
SG_011493,0.1472474485635757
SG_011497,0.0750355124473571
SG_011503,0.1404615044593811
SG_011504,0.1844345480203628
SG_011505,0.1283820867538452
SG_011512,0.1469149440526962
SG_011519,0.105443000793457
SG_011526,0.2254458367824554
SG_011527,0.1403820365667343
SG_011528,0.1235606223344802
SG_011532,0.1105460822582244
SG_011541,0.1244774013757705
SG_011544,0.1916401982307434
SG_011547,0.2008475661277771
SG_011548,0.248237133026123
SG_011552,0.1491067707538604
SG_011566,0.1384956687688827
SG_011567,0.1878475546836853
SG_011569,0.1330072581768036
SG_011575,0.1672920435667038
SG_011576,0.2524475157260895
SG_011577,0.1796063333749771
SG_011581,0.1726063191890716
SG_011584,0.1653177142143249
SG_011586,0.170142725110054
SG_011593,0.1793917715549469
SG_011597,0.1164017021656036
SG_011598,0.1764933168888092
SG_011602,0.1370121538639068
SG_011605,0.1741878092288971
SG_011607,0.1523517221212387
SG_011612,0.2901747822761535
SG_011616,0.1877091079950332
SG_011617,0.1855635344982147
SG_011620,0.2095365524291992
SG_011622,0.2025510966777801
SG_011625,0.1500473916530609
SG_011626,0.1889224648475647
SG_011627,0.2209810316562652
SG_011632,0.1816847473382949
SG_011633,0.2351649403572082
SG_011635,0.3122692406177521
SG_011638,0.1983732432126999
SG_011640,0.2125443369150161
SG_011645,0.1424520611763
SG_011649,0.1609065383672714
SG_011656,0.1728265583515167
SG_011662,0.1378954499959945
SG_011663,0.1746791303157806
SG_011666,0.1642941385507583
SG_011672,0.0844149217009544
SG_011673,0.2051823586225509
SG_011676,0.3123409152030945
SG_011678,0.1336194425821304
SG_011682,0.1795808970928192
SG_011683,0.1499183624982834
SG_011684,0.0943444892764091
SG_011691,0.2009796947240829
SG_011694,0.0985488817095756
SG_011695,0.1639269292354583
SG_011697,0.2207506150007248
SG_011699,0.0920902118086814
SG_011701,0.2378930151462555
SG_011704,0.165406584739685
SG_011705,0.182669386267662
SG_011708,0.1551363468170166
SG_011714,0.2082240432500839
SG_011715,0.2601163685321808
SG_011720,0.1211387738585472
SG_011721,0.1072617247700691
SG_011727,0.1110361143946647
SG_011728,0.2432849705219268
SG_011729,0.1573037803173065
SG_011731,0.1364243477582931
SG_011736,0.1631235927343368
SG_011737,0.142909824848175
SG_011747,0.1641501188278198
SG_011749,0.2534427046775818
SG_011750,0.1856269836425781
SG_011752,0.1664578467607498
SG_011757,0.1993716955184936
SG_011764,0.2040955722332
SG_011767,0.1112921833992004
SG_011769,0.2886322140693664
SG_011770,0.2258064448833465
SG_011772,0.2135234326124191
SG_011773,0.0889771729707717
SG_011777,0.1813059598207473
SG_011779,0.156404510140419
SG_011780,0.1719640046358108
SG_011786,0.2021274119615554
SG_011787,0.1892486214637756
SG_011789,0.121218703687191
SG_011796,0.0758267268538475
SG_011799,0.1560699641704559
SG_011801,0.0869930386543273
SG_011802,0.2075419872999191
SG_011806,0.1192077547311782
SG_011812,0.2370544224977493
SG_011814,0.2030937671661377
SG_011815,0.1558446586132049
SG_011816,0.2028016149997711
SG_011830,0.149610161781311
SG_011833,0.0638669356703758
SG_011843,0.1868560463190078
SG_011853,0.185918927192688
SG_011855,0.1508432030677795
SG_011858,0.0657446384429931
SG_011861,0.097732700407505
SG_011863,0.2006632089614868
SG_011864,0.2039445489645004
SG_011868,0.3061116635799408
SG_011869,0.1973304599523544
SG_011871,0.2528311610221863
SG_011886,0.112291619181633
SG_011889,0.1490592658519745
SG_011890,0.1503462493419647
SG_011894,0.1613110899925232
SG_011896,0.1580827236175537
SG_011898,0.0754991769790649
SG_011900,0.1909003257751464
SG_011918,0.1495585441589355
SG_011922,0.1429739147424698
SG_011925,0.1304353773593902
SG_011926,0.1563436388969421
SG_011927,0.2871460318565368
SG_011931,0.1982752531766891
SG_011933,0.111471377313137
SG_011936,0.0810249000787735
SG_011939,0.0836183577775955
SG_011940,0.1435791403055191
SG_011953,0.1761999726295471
SG_011955,0.2663181722164154
SG_011956,0.178825557231903
SG_011959,0.1583915948867797
SG_011961,0.1870322823524475
SG_011962,0.239431694149971
SG_011966,0.255668967962265
SG_011969,0.1427492797374725
SG_011971,0.1154533773660659
SG_011977,0.196620762348175
SG_011978,0.138052225112915
SG_011983,0.1115174666047096
SG_011986,0.1121159195899963
SG_011988,0.0751608088612556
SG_011993,0.1505227982997894
SG_011995,0.2124819308519363
SG_011996,0.1419109106063842
SG_011997,0.1344006955623626
SG_012000,0.1967807412147522
SG_012013,0.2048389911651611
SG_012018,0.1617450565099716
SG_012019,0.1167868375778198
SG_012020,0.2147514224052429
SG_012022,0.1117234081029892
SG_012031,0.1835495829582214
SG_012040,0.2346577793359756
SG_012041,0.1509605348110199
SG_012048,0.0856512635946273
SG_012050,0.1363227218389511
SG_012051,0.1015918552875518
SG_012052,0.2023507803678512
SG_012064,0.2054157704114914
SG_012066,0.1029061526060104
SG_012068,0.1672276556491851
SG_012076,0.1836270987987518
SG_012077,0.1758470833301544
SG_012078,0.1562781780958175
SG_012079,0.0890196785330772
SG_012080,0.1532640010118484
SG_012081,0.1664983183145523
SG_012082,0.1594800949096679
SG_012086,0.1806971579790115
SG_012089,0.1388071626424789
SG_012097,0.1045992076396942
SG_012104,0.1403502076864242
SG_012108,0.1798487603664398
SG_012113,0.2010216116905212
SG_012119,0.2638493478298187
SG_012124,0.2101475149393081
SG_012125,0.1264503598213195
SG_012141,0.2721059620380401
SG_012143,0.1760112196207046
SG_012145,0.1171348020434379
SG_012148,0.1622922420501709
SG_012150,0.2123724520206451
SG_012162,0.1905645281076431
SG_012165,0.1804851293563842
SG_012166,0.1886971145868301
SG_012167,0.1348836123943328
SG_012168,0.0980546474456787
SG_012169,0.1365137100219726
SG_012170,0.1131934151053428
SG_012175,0.1558821052312851
SG_012176,0.2015901058912277
SG_012177,0.1275848746299743
SG_012181,0.2535544335842132
SG_012186,0.2730383276939392
SG_012190,0.1704528778791427
SG_012192,0.282572478055954
SG_012194,0.1339692324399948
SG_012195,0.1668918430805206
SG_012198,0.2239266186952591
SG_012199,0.1450796127319336
SG_012205,0.3060728907585144
SG_012206,0.2216185480356216
SG_012211,0.1231161430478096
SG_012212,0.179829329252243
SG_012213,0.1454039216041565
SG_012216,0.2047432959079742
SG_012217,0.2594775855541229
SG_012218,0.2842916846275329
SG_012220,0.1593329310417175
SG_012225,0.210981473326683
SG_012230,0.1057019904255867
SG_012232,0.1401047855615615
SG_012234,0.1259871423244476
SG_012238,0.1837135404348373
SG_012241,0.1503477841615677
SG_012243,0.0795064643025398
SG_012247,0.1335383653640747
SG_012253,0.1320021599531173
SG_012258,0.186829999089241
SG_012260,0.1484365314245224
SG_012263,0.1266014277935028
SG_012264,0.2040426284074783
SG_012266,0.3573492467403412
SG_012270,0.123567909002304
SG_012272,0.1262585669755935
SG_012276,0.1752564460039138
SG_012277,0.1419918239116668
SG_012278,0.1446665078401565
SG_012279,0.187509149312973
SG_012280,0.2190969735383987
SG_012281,0.2489179372787475
SG_012283,0.2407942712306976
SG_012284,0.2265974581241607
SG_012285,0.181542158126831
SG_012290,0.1676723212003708
SG_012293,0.2064310908317566
SG_012301,0.1850287914276123
SG_012305,0.1900915056467056
SG_012307,0.2370370924472808
SG_012308,0.1363222897052765
SG_012310,0.1492998450994491
SG_012312,0.4133089780807495
SG_012313,0.1290084570646286
SG_012316,0.2340724468231201
SG_012321,0.1155618876218795
SG_012322,0.1517025679349899
SG_012326,0.132910743355751
SG_012334,0.1535645127296447
SG_012336,0.1631558537483215
SG_012337,0.1723644882440567
SG_012339,0.1926629543304443
SG_012340,0.1713509708642959
SG_012345,0.0969922915101051
SG_012355,0.2408263832330703
SG_012362,0.181643545627594
SG_012363,0.1478969007730484
SG_012368,0.2658713459968567
SG_012375,0.1348198354244232
SG_012378,0.0950162857770919
SG_012381,0.0842213258147239
SG_012384,0.1159239783883094
SG_012390,0.1645380854606628
SG_012393,0.1947135031223297
SG_012397,0.0750794410705566
SG_012400,0.1551156938076019
SG_012402,0.2248013764619827
SG_012410,0.2018506377935409
SG_012414,0.1733469814062118
SG_012419,0.2157508283853531
SG_012420,0.2402833849191665
SG_012422,0.3238297402858734
SG_012423,0.1931930035352707
SG_012424,0.1235913559794426
SG_012427,0.1557810604572296
SG_012432,0.1622225940227508
SG_012436,0.2432203292846679
SG_012437,0.2301929295063018
SG_012438,0.1924868524074554
SG_012444,0.125208094716072
SG_012446,0.0655911490321159
SG_012452,0.3264238834381103
SG_012453,0.132554143667221
SG_012456,0.1679737418889999
SG_012459,0.103068433701992
SG_012468,0.0745738074183464
SG_012470,0.1979700028896331
SG_012480,0.1419486999511718
SG_012484,0.1991380304098129
SG_012489,0.1229374185204505
SG_012493,0.1961035579442978
SG_012495,0.2011913806200027
SG_012499,0.2670223116874695
SG_012501,0.0929746329784393
SG_012502,0.1278817057609558
SG_012504,0.192875862121582
SG_012506,0.0766346901655197
SG_012509,0.2053624540567398
SG_012510,0.3185154497623443
SG_012513,0.1299233734607696
SG_012519,0.2158308923244476
SG_012520,0.1734674125909805
SG_012521,0.0601621940732002
SG_012525,0.183195412158966
SG_012527,0.1888396441936493
SG_012531,0.210966482758522
SG_012533,0.2935481071472168
SG_012538,0.0918739363551139
SG_012539,0.3319050669670105
SG_012548,0.155459851026535
SG_012550,0.1750262081623077
SG_012552,0.1088998541235923
SG_012556,0.160836324095726
SG_012561,0.2216232120990753
SG_012562,0.0728102177381515
SG_012563,0.1873104274272918
SG_012564,0.2139603942632675
SG_012567,0.0853361636400222
SG_012568,0.2820493280887604
SG_012571,0.1678088903427124
SG_012575,0.0919090583920478
SG_012579,0.1628560125827789
SG_012588,0.138889878988266
SG_012591,0.1726724207401275
SG_012594,0.169534370303154
SG_012596,0.090572789311409
SG_012600,0.2113955020904541
SG_012601,0.1365315616130828
SG_012603,0.1509933620691299
SG_012606,0.0961650907993316
SG_012609,0.3020934164524078
SG_012610,0.130115121603012
SG_012615,0.1390841454267501
SG_012616,0.185240551829338
SG_012619,0.1666672974824905
SG_012623,0.2751860618591308
SG_012628,0.1497315615415573
SG_012630,0.2320073544979095
SG_012632,0.1670305728912353
SG_012636,0.1744751632213592
SG_012640,0.0845711454749107
SG_012643,0.2054003775119781
SG_012648,0.297688752412796
SG_012651,0.1022476553916931
SG_012654,0.2073042243719101
SG_012660,0.2081715613603592
SG_012661,0.196518138051033
SG_012663,0.1991889923810959
SG_012669,0.1530359983444214
SG_012674,0.1476093977689743
SG_012680,0.182593747973442
SG_012684,0.129317969083786
SG_012688,0.1467486470937729
SG_012690,0.1888065189123153
SG_012697,0.1665742546319961
SG_012699,0.1581759005784988
SG_012701,0.0831402093172073
SG_012705,0.2148778289556503
SG_012709,0.1773269474506378
SG_012710,0.3200154304504394
SG_012715,0.1571375727653503
SG_012716,0.1626850366592407
SG_012718,0.1382690072059631
SG_012723,0.125317707657814
SG_012724,0.196890190243721
SG_012730,0.1624055802822113
SG_012734,0.1785199046134948
SG_012736,0.1091090887784957
SG_012738,0.1325408518314361
SG_012747,0.1887424737215042
SG_012749,0.243194043636322
SG_012750,0.1385111361742019
SG_012753,0.1413930505514145
SG_012754,0.2047682255506515
SG_012757,0.1796812713146209
SG_012763,0.1151072084903717
SG_012764,0.1952070891857147
SG_012767,0.2083023339509964
SG_012768,0.1733909547328949
SG_012773,0.1694631874561309
SG_012775,0.0729803815484047
SG_012777,0.1845293939113617
SG_012786,0.2020611315965652
SG_012787,0.2032779157161712
SG_012792,0.1512997299432754
SG_012797,0.2204916477203369
SG_012805,0.1713972091674804
SG_012808,0.1916592568159103
SG_012810,0.1680042743682861
SG_012819,0.2331972867250442
SG_012821,0.3208873271942138
SG_012822,0.2253782153129577
SG_012831,0.1104809492826461
SG_012844,0.2161237895488739
SG_012845,0.1055494025349617
SG_012848,0.1015342697501182
SG_012849,0.1714580804109573
SG_012851,0.2151512056589126
SG_012859,0.1001772508025169
SG_012861,0.1716550290584564
SG_012869,0.2927006185054779
SG_012870,0.1951842159032821
SG_012873,0.2514904141426086
SG_012874,0.2055126279592514
SG_012883,0.1438196301460266
SG_012886,0.2260253280401229
SG_012887,0.1030371189117431
SG_012888,0.2071273028850555
SG_012891,0.1180642694234848
SG_012898,0.1414719969034195
SG_012905,0.2078487575054168
SG_012910,0.2125275582075119
SG_012913,0.1085553765296936
SG_012918,0.2813265919685364
SG_012919,0.2062433063983917
SG_012920,0.1605801731348037
SG_012923,0.1478054523468017
SG_012924,0.1356708109378814
SG_012926,0.3511650264263153
SG_012936,0.2004837244749069
SG_012938,0.1724830865859985
SG_012940,0.1218788474798202
SG_012945,0.1499929577112198
SG_012949,0.1837922632694244
SG_012958,0.2114920318126678
SG_012962,0.2027334421873092
SG_012967,0.1350798308849334
SG_012968,0.1089792624115943
SG_012970,0.1825167387723922
SG_012972,0.1388387680053711
SG_012978,0.128790408372879
SG_012979,0.1614222228527069
SG_012980,0.1950030326843261
SG_012981,0.2698541283607483
SG_012983,0.1424361765384674
SG_012984,0.1972441375255584
SG_012989,0.2010477930307388
SG_012994,0.1938415020704269
SG_012997,0.1739349216222763
SG_013002,0.1757430136203766
SG_013009,0.1568999290466308
SG_013017,0.0920840576291084
SG_013023,0.2362332791090011
SG_013028,0.1371764689683914
SG_013030,0.2520367205142975
SG_013033,0.1960109621286392
SG_013042,0.1628192663192749
SG_013043,0.1603671461343765
SG_013045,0.1900427192449569
SG_013063,0.2070402354001999
SG_013064,0.1871023178100586
SG_013065,0.1341631412506103
SG_013068,0.2995297610759735
SG_013070,0.1412350982427597
SG_013071,0.1534125953912735
SG_013072,0.1547694951295852
SG_013077,0.1621145755052566
SG_013080,0.2980021238327026
SG_013082,0.1618562191724777
SG_013083,0.1261472851037979
SG_013085,0.1768991500139236
SG_013086,0.1610394269227981
SG_013093,0.1340432167053222
SG_013094,0.1637883782386779
SG_013096,0.1912667453289032
SG_013104,0.2477914839982986
SG_013108,0.1635003089904785
SG_013111,0.1596601903438568
SG_013112,0.2077489048242569
SG_013115,0.1827297806739807
SG_013117,0.208092913031578
SG_013125,0.1040286719799041
SG_013127,0.136614516377449
SG_013135,0.1731481254100799
SG_013138,0.2230171412229538
SG_013139,0.0802299827337265
SG_013141,0.1794301718473434
SG_013149,0.1675100028514862
SG_013150,0.2914137244224548
SG_013157,0.2096347361803054
SG_013159,0.1914253532886505
SG_013166,0.1576099544763565
SG_013172,0.2509340643882751
SG_013177,0.17164246737957
SG_013178,0.1069340035319328
SG_013187,0.1144347563385963
SG_013196,0.0980594605207443
SG_013201,0.3298855423927307
SG_013202,0.1294254511594772
SG_013212,0.1235293447971344
SG_013219,0.1280353814363479
SG_013222,0.1008951961994171
SG_013223,0.1895743161439895
SG_013224,0.263202965259552
SG_013233,0.1033400893211364
SG_013237,0.0927716866135597
SG_013245,0.1755969822406768
SG_013249,0.1180303394794464
SG_013250,0.1540474742650985
SG_013260,0.1525609046220779
SG_013264,0.1615587323904037
SG_013266,0.1312854588031768
SG_013267,0.3249596953392029
SG_013269,0.1277877241373062
SG_013273,0.2553169429302215
SG_013276,0.1162194311618805
SG_013280,0.194258838891983
SG_013281,0.1549999713897705
SG_013282,0.1646572947502136
SG_013288,0.1692937761545181
SG_013292,0.1347705721855163
SG_013294,0.2419533878564834
SG_013297,0.0750610828399658
SG_013304,0.1528953611850738
SG_013311,0.1918776780366897
SG_013313,0.2208510637283325
SG_013314,0.1551073342561721
SG_013315,0.1538006663322448
SG_013317,0.3013041317462921
SG_013321,0.1561541408300399
SG_013323,0.15320985019207
SG_013327,0.1412511318922042
SG_013328,0.1079893112182617
SG_013332,0.1342704147100448
SG_013337,0.2424691468477249
SG_013338,0.1912668496370315
SG_013339,0.1202729046344757
SG_013340,0.1564341932535171
SG_013342,0.0985147953033447
SG_013344,0.0985861122608184
SG_013345,0.1717210263013839
SG_013347,0.1244688332080841
SG_013348,0.0874933674931526
SG_013356,0.1817333847284317
SG_013358,0.1865103840827942
SG_013359,0.162758007645607
SG_013360,0.1487621366977691
SG_013361,0.0947118774056434
SG_013362,0.1707025915384292
SG_013366,0.1275258958339691
SG_013371,0.1378479301929474
SG_013372,0.2060180753469467
SG_013374,0.2371942549943924
SG_013380,0.0838532671332359
SG_013383,0.1960008144378662
SG_013384,0.1370752602815628
SG_013391,0.2125264406204223
SG_013392,0.1783943176269531
SG_013393,0.1866261512041092
SG_013396,0.3084053993225097
SG_013400,0.2087069749832153
SG_013404,0.1227637305855751
SG_013412,0.1749734878540039
SG_013413,0.2185866683721542
SG_013414,0.1662068665027618
SG_013418,0.2283101975917816
SG_013420,0.1514475047588348
SG_013421,0.1716930717229843
SG_013424,0.2385647445917129
SG_013427,0.1331051737070083
SG_013430,0.1749334633350372
SG_013435,0.288910835981369
SG_013438,0.2213835716247558
SG_013440,0.1748177111148834
SG_013443,0.2681171894073486
SG_013444,0.1834577172994613
SG_013446,0.0682802572846412
SG_013447,0.1510217487812042
SG_013452,0.1372080147266388
SG_013454,0.1555827260017395
SG_013456,0.1067420244216919
SG_013462,0.1411152333021164
SG_013463,0.2045219838619232
SG_013464,0.1367288678884506
SG_013468,0.0768553018569946
SG_013472,0.1534036993980407
SG_013474,0.1971588283777237
SG_013477,0.1179099231958389
SG_013480,0.1386014074087143
SG_013485,0.1334821134805679
SG_013486,0.1481479853391647
SG_013487,0.1472624838352203
SG_013491,0.2263663411140442
SG_013495,0.2115725576877594
SG_013499,0.1687774956226349
SG_013504,0.3439928293228149
SG_013508,0.2010993063449859
SG_013509,0.0893398448824882
SG_013515,0.237536683678627
SG_013523,0.0857283174991607
SG_013528,0.1762174814939499
SG_013538,0.1436304599046707
SG_013542,0.1605033576488495
SG_013543,0.142330527305603
SG_013544,0.2029656618833542
SG_013545,0.2369295954704284
SG_013546,0.1243983134627342
SG_013548,0.2466049343347549
SG_013549,0.2342949360609054
SG_013552,0.2356901913881302
SG_013553,0.1408501118421554
SG_013554,0.1912338584661483
SG_013557,0.2116863429546356
SG_013558,0.146504521369934
SG_013561,0.2246529310941696
SG_013563,0.1452673524618148
SG_013565,0.1201454177498817
SG_013567,0.1064116060733795
SG_013568,0.138122022151947
SG_013571,0.2202682495117187
SG_013574,0.179827943444252
SG_013575,0.1228751540184021
SG_013578,0.3299777507781982
SG_013579,0.2505576312541961
SG_013580,0.1707253456115722
SG_013586,0.1050472557544708
SG_013588,0.1212829649448394
SG_013591,0.1779793798923492
SG_013598,0.3348264396190643
SG_013601,0.1521341353654861
SG_013602,0.277374118566513
SG_013604,0.1169127002358436
SG_013608,0.240710973739624
SG_013610,0.1598234921693802
SG_013612,0.1718306988477707
SG_013613,0.1622899621725082
SG_013616,0.1388417929410934
SG_013619,0.2040827572345733
SG_013624,0.2468131333589553
SG_013626,0.1675400584936142
SG_013628,0.2025177925825119
SG_013629,0.1171888709068298
SG_013633,0.1088380441069603
SG_013635,0.109621487557888
SG_013637,0.1483836770057678
SG_013638,0.1586003601551056
SG_013639,0.1386666744947433
SG_013641,0.2125103920698166
SG_013646,0.2010373771190643
SG_013653,0.1504343748092651
SG_013667,0.1844028979539871
SG_013668,0.2200959622859954
SG_013670,0.160972312092781
SG_013675,0.1433009505271911
SG_013677,0.1647869497537613
SG_013678,0.186583861708641
SG_013681,0.1568068563938141
SG_013682,0.1926354765892028
SG_013683,0.2005190104246139
SG_013684,0.1822545528411865
SG_013685,0.1433127969503402
SG_013686,0.2390477508306503
SG_013690,0.1672341227531433
SG_013695,0.0957900211215019
SG_013705,0.1662827134132385
SG_013706,0.126854732632637
SG_013708,0.0800041109323501
SG_013711,0.0926834121346473
SG_013713,0.1833526939153671
SG_013715,0.1533577442169189
SG_013716,0.2363328486680984
SG_013726,0.2069272100925445
SG_013727,0.0880099236965179
SG_013728,0.2079835534095764
SG_013731,0.1109564527869224
SG_013733,0.0775569975376129
SG_013737,0.1710574328899383
SG_013740,0.1710901409387588
SG_013741,0.1287966966629028
SG_013744,0.1359762698411941
SG_013745,0.2047434747219085
SG_013746,0.082350879907608
SG_013747,0.1282847821712494
SG_013749,0.2517180144786834
SG_013755,0.1650287210941314
SG_013759,0.1447456777095794
SG_013765,0.1731956750154495
SG_013766,0.208780825138092
SG_013769,0.1598459482192993
SG_013773,0.1752597242593765
SG_013785,0.1292929053306579
SG_013793,0.1137555092573165
SG_013800,0.1238936632871627
SG_013808,0.126564472913742
SG_013815,0.3483455181121826
SG_013827,0.1290071755647659
SG_013840,0.1603963673114776
SG_013841,0.0820516571402549
SG_013842,0.1278755813837051
SG_013844,0.2245994061231613
SG_013845,0.1480609029531479
SG_013849,0.1131698712706565
SG_013850,0.1218250691890716
SG_013851,0.1502310335636139
SG_013853,0.1920807659626007
SG_013854,0.1520085781812667
SG_013855,0.1449128985404968
SG_013857,0.1509267389774322
SG_013860,0.2523241639137268
SG_013862,0.161079853773117
SG_013867,0.2096871584653854
SG_013868,0.1206068843603134
SG_013870,0.1096944138407707
SG_013883,0.1435766816139221
SG_013884,0.1387850791215896
SG_013885,0.173484206199646
SG_013892,0.2386692464351654
SG_013896,0.0895799025893211
SG_013898,0.1362655609846115
SG_013901,0.2011348605155944
SG_013905,0.1740814745426178
SG_013906,0.2042906731367111
SG_013907,0.1296004503965377
SG_013910,0.1743135601282119
SG_013912,0.1291882991790771
SG_013914,0.1255910992622375
SG_013919,0.223259225487709
SG_013922,0.2828004062175751
SG_013943,0.113240048289299
SG_013944,0.0860721841454505
SG_013946,0.1735132485628128
SG_013948,0.1174117475748062
SG_013949,0.1135385259985923
SG_013953,0.2020570933818817
SG_013962,0.2284040451049804
SG_013965,0.2634687721729278
SG_013969,0.1993467062711715
SG_013974,0.1486953496932983
SG_013978,0.1900623589754104
SG_013979,0.1398661583662033
SG_013980,0.1948389559984207
SG_013986,0.2251777052879333
SG_013997,0.1186315938830375
SG_014000,0.1690001487731933
SG_014004,0.0675876811146736
SG_014009,0.1689517945051193
SG_014010,0.1815117001533508
SG_014012,0.1048562601208686
SG_014014,0.258324533700943
SG_014015,0.1482322365045547
SG_014016,0.2252155542373657
SG_014017,0.2403962463140487
SG_014018,0.0601805821061134
SG_014020,0.1645883172750473
SG_014021,0.1033933460712432
SG_014022,0.1376412361860275
SG_014023,0.1922390609979629
SG_014026,0.2414792329072952
SG_014030,0.1887543648481369
SG_014031,0.2522611021995544
SG_014036,0.1370724737644195
SG_014037,0.1155827268958091
SG_014039,0.1789857298135757
SG_014045,0.1657681465148925
SG_014046,0.1807073801755905
SG_014047,0.2084752321243286
SG_014050,0.0758373737335205
SG_014053,0.1500162333250045
SG_014058,0.2396761029958725
SG_014059,0.175242081284523
SG_014062,0.1320018768310547
SG_014067,0.2602810263633728
SG_014072,0.103351205587387
SG_014073,0.1870510429143905
SG_014075,0.2119048535823822
SG_014081,0.2158844172954559
SG_014085,0.1306969821453094
SG_014088,0.1884251087903976
SG_014096,0.1588895320892334
SG_014099,0.2002967596054077
SG_014102,0.1862866282463073
SG_014105,0.2043178230524063
SG_014111,0.3007834851741791
SG_014113,0.1843732595443725
SG_014116,0.1259984821081161
SG_014122,0.2044355720281601
SG_014123,0.1656721979379654
SG_014124,0.2157568484544754
SG_014130,0.2452867031097412
SG_014132,0.2323890179395675
SG_014135,0.3094150424003601
SG_014136,0.1833581030368805
SG_014139,0.1788744330406189
SG_014140,0.1560213267803192
SG_014141,0.2206653207540512
SG_014146,0.2412032783031463
SG_014155,0.1787055283784866
SG_014157,0.1391721069812774
SG_014161,0.1530202478170395
SG_014162,0.1687722653150558
SG_014165,0.1891429126262664
SG_014167,0.1951169520616531
SG_014168,0.1593008041381836
SG_014172,0.1223097741603851
SG_014176,0.0959564074873924
SG_014177,0.2283879220485687
SG_014184,0.2302177548408508
SG_014186,0.1869716048240661
SG_014188,0.1576900780200958
SG_014190,0.1482947021722793
SG_014191,0.1730479151010513
SG_014192,0.0976689755916595
SG_014194,0.2179270386695861
SG_014196,0.2051153182983398
SG_014197,0.3072512149810791
SG_014205,0.1422258764505386
SG_014210,0.1654630452394485
SG_014217,0.1671943962574005
SG_014219,0.263127714395523
SG_014223,0.1495978087186813
SG_014235,0.1663457453250885
SG_014237,0.1830444484949112
SG_014243,0.1557569801807403
SG_014248,0.2480332106351852
SG_014249,0.1624787598848343
SG_014259,0.1827613264322281
SG_014269,0.2218253165483474
SG_014270,0.2438064068555832
SG_014272,0.0628261566162109
SG_014277,0.1673711836338043
SG_014288,0.1258268505334854
SG_014290,0.1354979574680328
SG_014292,0.1369575411081314
SG_014293,0.173468142747879
SG_014295,0.1956602782011032
SG_014299,0.1623962223529815
SG_014308,0.1833993345499038
SG_014309,0.1173015087842941
SG_014311,0.3494850695133209
SG_014314,0.2291033416986465
SG_014319,0.0598954372107982
SG_014320,0.1212922632694244
SG_014321,0.3906503915786743
SG_014328,0.2609778642654419
SG_014334,0.1314224302768707
SG_014335,0.1266281604766845
SG_014339,0.2113292664289474
SG_014342,0.1168847233057022
SG_014343,0.404982715845108
SG_014345,0.160435140132904
SG_014363,0.1848913431167602
SG_014368,0.1006606519222259
SG_014370,0.0632544457912445
SG_014373,0.1760479509830474
SG_014375,0.1748387366533279
SG_014380,0.3009352385997772
SG_014383,0.2805024981498718
SG_014385,0.2036542445421219
SG_014386,0.1808682680130005
SG_014387,0.1330797374248504
SG_014389,0.2013212740421295
SG_014391,0.1562042236328125
SG_014394,0.2660551071166992
SG_014398,0.0904217287898063
SG_014402,0.1603382676839828
SG_014409,0.1812417954206466
SG_014411,0.2421802133321762
SG_014415,0.2104490846395492
SG_014416,0.1462082415819168
SG_014418,0.1221626475453376
SG_014425,0.1865008920431137
SG_014426,0.2310554385185241
SG_014431,0.2037916332483291
SG_014432,0.2613970637321472
SG_014446,0.1609730273485183
SG_014447,0.16143299639225
SG_014457,0.1498561650514602
SG_014465,0.1933405846357345
SG_014466,0.1457816511392593
SG_014469,0.1311695724725723
SG_014474,0.1150552928447723
SG_014484,0.1438018381595611
SG_014486,0.0813569575548172
SG_014488,0.1537363529205322
SG_014491,0.2102607488632202
SG_014495,0.1803861707448959
SG_014512,0.2829242646694183
SG_014514,0.1298754215240478
SG_014516,0.1999037265777588
SG_014519,0.0978143885731697
SG_014522,0.1397794634103775
SG_014529,0.1967862993478775
SG_014538,0.2243753522634506
SG_014544,0.1779481321573257
SG_014551,0.1743901520967483
SG_014552,0.2303307652473449
SG_014556,0.1202558577060699
SG_014562,0.1523409038782119
SG_014565,0.0544212274253368
SG_014566,0.2002045065164566
SG_014568,0.1194696724414825
SG_014569,0.0676753595471382
SG_014570,0.1478186845779419
SG_014578,0.1329268962144851
SG_014579,0.1940512955188751
SG_014581,0.1642195135354995
SG_014582,0.1682314425706863
SG_014583,0.1993939578533172
SG_014587,0.2018955051898956
SG_014594,0.1760260611772537
SG_014596,0.1993816643953323
SG_014597,0.1505608111619949
SG_014607,0.1983509063720703
SG_014611,0.078873261809349
SG_014616,0.1596439033746719
SG_014617,0.1464808583259582
SG_014618,0.1745700538158416
SG_014619,0.156135007739067
SG_014621,0.1952452659606933
SG_014626,0.2379691898822784
SG_014634,0.080798216164112
SG_014635,0.1660904288291931
SG_014636,0.169218435883522
SG_014637,0.117336057126522
SG_014640,0.1769606322050094
SG_014641,0.1681126952171325
SG_014645,0.1485820859670639
SG_014647,0.1473288387060165
SG_014653,0.1394957304000854
SG_014655,0.1379116028547287
SG_014656,0.2549131214618683
SG_014657,0.2216943204402923
SG_014660,0.1857708990573883
SG_014667,0.0922255739569664
SG_014672,0.1850199848413467
SG_014677,0.1679668873548507
SG_014680,0.2020532190799713
SG_014681,0.1681872755289077
SG_014687,0.1541362106800079
SG_014690,0.19149811565876
SG_014691,0.1259803771972656
SG_014700,0.2173012495040893
SG_014701,0.2884525954723358
SG_014702,0.1499516665935516
SG_014703,0.1243120357394218
SG_014712,0.3105185031890869
SG_014713,0.1434046477079391
SG_014718,0.137062057852745
SG_014720,0.2554920315742492
SG_014723,0.1586395055055618
SG_014729,0.1781889647245407
SG_014731,0.204755887389183
SG_014733,0.1624272167682647
SG_014735,0.2382842898368835
SG_014742,0.0819069817662239
SG_014746,0.063854232430458
SG_014748,0.108699545264244
SG_014749,0.1620369404554367
SG_014753,0.1613762229681015
SG_014754,0.1500134617090225
SG_014757,0.1187996417284011
SG_014771,0.1272063255310058
SG_014774,0.1890549659729004
SG_014777,0.1410951763391494
SG_014778,0.2354870438575744
SG_014780,0.1764671504497528
SG_014787,0.1899006813764572
SG_014800,0.1743205785751342
SG_014801,0.2366863489151001
SG_014802,0.2217075377702713
SG_014803,0.2141194492578506
SG_014808,0.149013414978981
SG_014812,0.098754845559597
SG_014813,0.1630054861307144
SG_014815,0.2743459045886993
SG_014824,0.0568632222712039
SG_014825,0.2577320039272308
SG_014827,0.1891226917505264
SG_014830,0.0719217360019683
SG_014834,0.1336625963449478
SG_014839,0.2692896425724029
SG_014844,0.1944296658039093
SG_014865,0.1949027180671692
SG_014866,0.085623487830162
SG_014867,0.1674348562955856
SG_014871,0.224282294511795
SG_014874,0.1960659027099609
SG_014875,0.2142973095178604
SG_014879,0.1585024893283844
SG_014880,0.0973397120833396
SG_014882,0.1611138135194778
SG_014885,0.195611834526062
SG_014887,0.165202111005783
SG_014894,0.1366221308708191
SG_014895,0.2015271484851837
SG_014898,0.2022448480129242
SG_014900,0.2189579457044601
SG_014906,0.2193692922592163
SG_014909,0.1751140803098678
SG_014914,0.1532505750656128
SG_014919,0.1157494112849235
SG_014921,0.1545354425907135
SG_014939,0.2951435148715973
SG_014940,0.1891596168279647
SG_014945,0.1319365203380584
SG_014946,0.1259892880916595
SG_014951,0.1443462967872619
SG_014953,0.425726979970932
SG_014955,0.1652662903070449
SG_014959,0.1707239896059036
SG_014961,0.2260690778493881
SG_014964,0.1814329326152801
SG_014965,0.1264009028673172
SG_014966,0.1899007260799408
SG_014969,0.1982218921184539
SG_014972,0.1669092923402786
SG_014976,0.2212876379489898
SG_014979,0.0788036063313484
SG_014980,0.1873454600572586
SG_014984,0.1898560971021652
SG_014990,0.1258353888988495
SG_014998,0.1576298177242279
SG_014999,0.1137047857046127
SG_015001,0.1940946131944656
SG_015002,0.1906715333461761
SG_015014,0.1669122129678726
SG_015015,0.106702409684658
SG_015021,0.1875882297754287
SG_015026,0.2122309505939483
SG_015031,0.1831467300653457
SG_015036,0.1517630666494369
SG_015039,0.1082420125603675
SG_015042,0.1744836419820785
SG_015044,0.1892013400793075
SG_015046,0.2249187678098678
SG_015047,0.214126855134964
SG_015050,0.1264240443706512
SG_015054,0.1521231681108474
SG_015066,0.1575203388929367
SG_015068,0.3618858158588409
SG_015071,0.1649690270423889
SG_015075,0.1032104641199112
SG_015076,0.1394758075475692
SG_015081,0.2254787385463714
SG_015082,0.1899442672729492
SG_015085,0.1122603863477706
SG_015093,0.2315738201141357
SG_015095,0.1793135702610016
SG_015099,0.0965452119708061
SG_015102,0.1036702468991279
SG_015103,0.2144366651773452
SG_015111,0.1113044172525405
SG_015112,0.1029399037361145
SG_015118,0.1598933637142181
SG_015125,0.1235940083861351
SG_015126,0.1357134580612182
SG_015127,0.1261737048625946
SG_015129,0.1696253269910812
SG_015134,0.1314588785171508
SG_015135,0.1097445711493492
SG_015137,0.1793513149023056
SG_015138,0.241612434387207
SG_015144,0.2230635434389114
SG_015146,0.1850152909755706
SG_015152,0.2165782898664474
SG_015155,0.1503733396530151
SG_015158,0.2113297134637832
SG_015159,0.1334005445241928
SG_015161,0.2420289665460586
SG_015165,0.2567396163940429
SG_015167,0.136646419763565
SG_015169,0.151334598660469
SG_015176,0.2210967242717743
SG_015180,0.1530569493770599
SG_015183,0.165369376540184
SG_015189,0.1516633033752441
SG_015190,0.108197696506977
SG_015192,0.0972989946603775
SG_015195,0.1306020766496658
SG_015197,0.1339217573404312
SG_015201,0.1474651098251342
SG_015202,0.1271498054265976
SG_015214,0.1141656413674354
SG_015215,0.2359964251518249
SG_015217,0.098089724779129
SG_015222,0.1283916234970092
SG_015224,0.1742671132087707
SG_015235,0.1535120159387588
SG_015239,0.0901248157024383
SG_015246,0.1534176766872406
SG_015251,0.201930433511734
SG_015252,0.2026409953832626
SG_015256,0.1610807627439499
SG_015257,0.2062626332044601
SG_015261,0.1434866040945053
SG_015262,0.1975003033876419
SG_015263,0.1426902264356613
SG_015269,0.1933610737323761
SG_015270,0.1803179532289505
SG_015272,0.1887159794569015
SG_015276,0.2748349010944366
SG_015277,0.1545451134443283
SG_015278,0.1518677175045013
SG_015279,0.1658034175634384
SG_015280,0.2026326656341552
SG_015283,0.1975864768028259
SG_015284,0.1490487903356552
SG_015289,0.2318388968706131
SG_015290,0.1507839113473892
SG_015294,0.1614900231361389
SG_015296,0.1788908541202545
SG_015297,0.3620547950267792
SG_015302,0.0936784893274307
SG_015304,0.2134221941232681
SG_015308,0.1829956024885177
SG_015309,0.2144771516323089
SG_015312,0.2619400322437286
SG_015317,0.2049216777086258
SG_015322,0.16395303606987
SG_015323,0.1918094605207443
SG_015326,0.1807160526514053
SG_015329,0.1025544852018356
SG_015337,0.1524284780025482
SG_015339,0.15634585916996
SG_015340,0.1284313797950744
SG_015341,0.1729359030723571
SG_015346,0.1492976695299148
SG_015348,0.1560728102922439
SG_015349,0.234012946486473
SG_015351,0.2548231184482574
SG_015355,0.1159239783883094
SG_015356,0.1796262711286544
SG_015360,0.1716529726982116
SG_015361,0.1722708195447921
SG_015362,0.2075203359127044
SG_015363,0.0822698175907135
SG_015369,0.1627371609210968
SG_015372,0.144307866692543
SG_015375,0.1130960956215858
SG_015381,0.2426904737949371
SG_015382,0.1405623406171798
SG_015383,0.1475138068199157
SG_015384,0.193288654088974
SG_015388,0.188888132572174
SG_015395,0.1246730163693428
SG_015397,0.1958909481763839
SG_015399,0.2100044637918472
SG_015400,0.2114907950162887
SG_015401,0.1032754704356193
SG_015402,0.2115792781114578
SG_015403,0.2440896034240722
SG_015406,0.1605741530656814
SG_015412,0.2344950437545776
SG_015421,0.2855086624622345
SG_015424,0.1803961098194122
SG_015425,0.1182883828878402
SG_015428,0.1623462438583374
SG_015430,0.137211337685585
SG_015431,0.1533113718032837
SG_015439,0.1219408810138702
SG_015440,0.0669186040759086
SG_015446,0.2043569982051849
SG_015447,0.1714749485254287
SG_015448,0.1569002121686935
SG_015452,0.1682549268007278
SG_015454,0.1981777250766754
SG_015458,0.2294028550386428
SG_015462,0.1936492323875427
SG_015463,0.2227198034524917
SG_015464,0.1623347848653793
SG_015466,0.1090710163116455
SG_015467,0.1857392489910125
SG_015470,0.1343331038951873
SG_015473,0.1740369498729705
SG_015479,0.0724924281239509
SG_015481,0.1988304704427719
SG_015483,0.1605079025030136
SG_015492,0.2895123064517975
SG_015495,0.121289238333702
SG_015498,0.1658612787723541
SG_015503,0.207578957080841
SG_015507,0.1910471469163894
SG_015512,0.0877597481012344
SG_015514,0.1747410595417022
SG_015517,0.1803876757621765
SG_015520,0.2425849735736847
SG_015524,0.1635020077228546
SG_015526,0.1692738384008407
SG_015527,0.130602940917015
SG_015535,0.130763441324234
SG_015537,0.2189214676618576
SG_015538,0.1527266055345535
SG_015540,0.2229894548654556
SG_015542,0.139046773314476
SG_015543,0.1840970665216446
SG_015544,0.1951696872711181
SG_015546,0.218758687376976
SG_015547,0.1294152587652206
SG_015550,0.1058396473526954
SG_015556,0.1360384821891784
SG_015558,0.1546473056077957
SG_015559,0.2421558499336242
SG_015560,0.1589498221874237
SG_015562,0.0863962024450302
SG_015565,0.1500129252672195
SG_015568,0.2670357227325439
SG_015572,0.0562262125313282
SG_015576,0.1171425879001617
SG_015578,0.0465092174708843
SG_015580,0.1354089081287384
SG_015582,0.1348737776279449
SG_015584,0.1571196317672729
SG_015585,0.2440088987350464
SG_015586,0.1951394230127334
SG_015587,0.1363053172826767
SG_015589,0.2937760651111603
SG_015590,0.1252811700105667
SG_015591,0.2191672772169113
SG_015593,0.1561643332242965
SG_015597,0.156964510679245
SG_015598,0.1754947900772094
SG_015600,0.2012180387973785
SG_015606,0.2307549268007278
SG_015613,0.191264346241951
SG_015615,0.3077303171157837
SG_015617,0.1541012525558471
SG_015619,0.1454858630895614
SG_015623,0.1823414862155914
SG_015627,0.1751301288604736
SG_015637,0.1030837520956993
SG_015641,0.1855246424674987
SG_015644,0.1454888582229614
SG_015649,0.1301751881837844
SG_015654,0.3076149225234985
SG_015655,0.3492059111595154
SG_015656,0.1001414656639099
SG_015659,0.1358387172222137
SG_015662,0.3279111981391907
SG_015664,0.1489118337631225
SG_015671,0.2790060937404632
SG_015675,0.0831272155046463
SG_015678,0.1279953420162201
SG_015680,0.1263467222452163
SG_015681,0.0905810967087745
SG_015682,0.1759066134691238
SG_015684,0.0845837742090225
SG_015693,0.2370121777057647
SG_015708,0.1811549365520477
SG_015715,0.1767578721046447
SG_015716,0.2078927755355835
SG_015718,0.1404521912336349
SG_015721,0.1780636012554168
SG_015724,0.2211152613162994
SG_015726,0.2022392004728317
SG_015729,0.1388089209794998
SG_015730,0.1833445578813552
SG_015735,0.0981558039784431
SG_015738,0.2257456928491592
SG_015743,0.0972753763198852
SG_015744,0.149570494890213
SG_015746,0.1340352296829223
SG_015756,0.1819179356098175
SG_015762,0.1716136634349823
SG_015763,0.1476877629756927
SG_015766,0.1460649520158767
SG_015769,0.197245180606842
SG_015770,0.156990185379982
SG_015772,0.1166067570447921
SG_015773,0.2533063292503357
SG_015780,0.1014284864068031
SG_015790,0.1753015369176864
SG_015797,0.1755191683769226
SG_015806,0.0715388283133506
SG_015810,0.1737378090620041
SG_015815,0.1128310561180114
SG_015817,0.2893337905406952
SG_015818,0.1810124069452285
SG_015819,0.1440950483083725
SG_015820,0.1427724659442901
SG_015827,0.1977062076330185
SG_015828,0.1614588350057602
SG_015829,0.1728875786066055
SG_015832,0.1474339812994003
SG_015833,0.2075407356023788
SG_015834,0.1282318383455276
SG_015838,0.2595811486244201
SG_015840,0.2038035541772842
SG_015842,0.1788366287946701
SG_015845,0.1007682979106903
SG_015849,0.1459900438785553
SG_015857,0.1970115602016449
SG_015859,0.0727110728621482
SG_015860,0.3368518054485321
SG_015867,0.1311339884996414
SG_015873,0.2120707333087921
SG_015878,0.2107737958431244
SG_015879,0.0892178490757942
SG_015880,0.162889152765274
SG_015881,0.101368747651577
SG_015884,0.1068741753697395
SG_015885,0.0916291251778602
SG_015891,0.1479345560073852
SG_015893,0.1705070286989212
SG_015898,0.1748404651880264
SG_015900,0.1784085929393768
SG_015901,0.1771667748689651
SG_015907,0.1813464611768722
SG_015908,0.2413871735334396
SG_015910,0.1996103972196579
SG_015914,0.1846063435077667
SG_015917,0.2158862203359604
SG_015921,0.2390610426664352
SG_015922,0.1876686215400695
SG_015928,0.2633855640888214
SG_015939,0.1524237096309662
SG_015940,0.0941620618104934
SG_015942,0.1596759706735611
SG_015943,0.208920806646347
SG_015947,0.1525095254182815
SG_015950,0.1437660753726959
SG_015951,0.2145307213068008
SG_015955,0.1330582946538925
SG_015964,0.1901812106370926
SG_015965,0.100925862789154
SG_015972,0.1219442561268806
SG_015973,0.168844997882843
SG_015975,0.11337361484766
SG_015977,0.1388915181159973
SG_015978,0.2463673651218414
SG_015979,0.2093018740415573
SG_015980,0.1710475981235504
SG_015981,0.1833742707967758
SG_015985,0.2135937660932541
SG_015988,0.1254337280988693
SG_015989,0.1894248276948928
SG_015990,0.1622094362974167
SG_015998,0.1949309110641479
SG_015999,0.1127850338816642
SG_016002,0.1884874999523162
SG_016003,0.1526987254619598
SG_016004,0.1864774823188781
SG_016008,0.3760116994380951
SG_016010,0.3097841739654541
SG_016013,0.2072100788354873
SG_016015,0.1679596602916717
SG_016020,0.1278292685747146
SG_016021,0.1513637453317642
SG_016022,0.1673094630241394
SG_016027,0.1694057285785675
SG_016028,0.1436610519886016
SG_016029,0.1430039703845977
SG_016030,0.2945083379745483
SG_016045,0.1221659481525421
SG_016048,0.1523454189300537
SG_016049,0.1495723277330398
SG_016054,0.3833597600460052
SG_016056,0.256779134273529
SG_016060,0.156645193696022
SG_016065,0.1024293154478073
SG_016081,0.0777503550052642
SG_016085,0.0717196315526962
SG_016089,0.1893715411424636
SG_016091,0.2425097376108169
SG_016092,0.1858012974262237
SG_016101,0.3734765648841858
SG_016102,0.1821173131465912
SG_016103,0.1766617745161056
SG_016108,0.0903639793395996
SG_016109,0.1724349558353424
SG_016111,0.2478070855140686
SG_016113,0.1820666939020156
SG_016114,0.1531750112771988
SG_016115,0.1798002868890762
SG_016116,0.1708465665578842
SG_016119,0.1431647539138794
SG_016124,0.0818611904978752
SG_016127,0.200867012143135
SG_016132,0.3108536303043365
SG_016133,0.1094174087047576
SG_016134,0.201096624135971
SG_016138,0.0939503908157348
SG_016140,0.1867922097444534
SG_016146,0.2344089448451995
SG_016147,0.107087604701519
SG_016156,0.2388409525156021
SG_016158,0.1446090638637542
SG_016159,0.307044506072998
SG_016160,0.0629604831337928
SG_016161,0.0997300893068313
SG_016163,0.1953805834054947
SG_016164,0.1639892756938934
SG_016165,0.144262358546257
SG_016166,0.1477886885404586
SG_016171,0.1473197937011718
SG_016172,0.198238730430603
SG_016174,0.1487553119659423
SG_016176,0.1350029110908508
SG_016179,0.2229944765567779
SG_016181,0.1465813070535659
SG_016183,0.121859423816204
SG_016185,0.2032018303871154
SG_016186,0.1505550146102905
SG_016187,0.0644796416163444
SG_016188,0.2114292532205581
SG_016190,0.1556376367807388
SG_016194,0.2614501416683197
SG_016195,0.1648518592119217
SG_016196,0.2015874534845352
SG_016197,0.1808089762926101
SG_016211,0.1256197243928909
SG_016214,0.2854349911212921
SG_016215,0.2076645195484161
SG_016219,0.1390663236379623
SG_016221,0.1806989312171936
SG_016222,0.1636149585247039
SG_016224,0.1562737673521042
SG_016225,0.1710664629936218
SG_016233,0.1544577926397323
SG_016234,0.1321174502372741
SG_016235,0.1396531015634536
SG_016238,0.0668070316314697
SG_016242,0.2023668587207794
SG_016244,0.0919495970010757
SG_016245,0.1175564229488372
SG_016246,0.2131514549255371
SG_016249,0.1864075511693954
SG_016251,0.2334108054637909
SG_016252,0.2217407971620559
SG_016259,0.2047899216413498
SG_016262,0.1921506226062774
SG_016263,0.080416053533554
SG_016268,0.1730192005634308
SG_016270,0.1486587524414062
SG_016272,0.3099406361579895
SG_016273,0.2425576448440551
SG_016275,0.1608107089996338
SG_016278,0.2206024378538131
SG_016282,0.2185884416103363
SG_016285,0.192055657505989
SG_016289,0.1916323155164718
SG_016292,0.1796940863132476
SG_016297,0.1298054307699203
SG_016299,0.1830590963363647
SG_016310,0.2052393853664398
SG_016315,0.1043310612440109
SG_016316,0.2217664718627929
SG_016318,0.131827101111412
SG_016324,0.1362571269273758
SG_016326,0.2514969408512115
SG_016327,0.185278832912445
SG_016330,0.0666853711009025
SG_016331,0.235408529639244
SG_016332,0.0747833028435707
SG_016333,0.1683568805456161
SG_016334,0.1144401058554649
SG_016337,0.1377461850643158
SG_016341,0.2278856635093689
SG_016343,0.1342803835868835
SG_016345,0.2800547480583191
SG_016346,0.1259082704782486
SG_016349,0.1726381033658981
SG_016351,0.112040638923645
SG_016352,0.0464049018919467
SG_016354,0.1637123078107834
SG_016363,0.175298660993576
SG_016372,0.2464840710163116
SG_016375,0.1276549100875854
SG_016382,0.1339816451072693
SG_016384,0.1342289000749588
SG_016386,0.0995476767420768
SG_016389,0.176241859793663
SG_016392,0.1971457004547119
SG_016393,0.1747505515813827
SG_016394,0.1704958230257034
SG_016401,0.135428249835968
SG_016402,0.1366772204637527
SG_016405,0.210559993982315
SG_016414,0.1842706352472305
SG_016421,0.1404726654291153
SG_016424,0.1757977902889251
SG_016425,0.1542156785726547
SG_016429,0.1119712069630622
SG_016431,0.1778925508260727
SG_016432,0.2057984620332718
SG_016435,0.1824278682470321
SG_016436,0.2425909042358398
SG_016443,0.0911672040820121
SG_016445,0.16908960044384
SG_016450,0.1980593055486679
SG_016452,0.1550724059343338
SG_016456,0.2383587211370468
SG_016462,0.0762634649872779
SG_016463,0.141274407505989
SG_016474,0.2565426826477051
SG_016482,0.1773785352706909
SG_016488,0.1496504545211792
SG_016502,0.1084398552775383
SG_016503,0.1908744424581527
SG_016507,0.1900779604911804
SG_016508,0.1056927293539047
SG_016511,0.119941160082817
SG_016512,0.2853687107563019
SG_016517,0.1590702831745147
SG_016518,0.3366108536720276
SG_016520,0.1587976366281509
SG_016522,0.2413828670978546
SG_016524,0.1145284622907638
SG_016526,0.2037898004055023
SG_016528,0.1588770002126693
SG_016529,0.1704355478286743
SG_016532,0.1830369383096695
SG_016535,0.1111292690038681
SG_016537,0.0957457572221756
SG_016539,0.0726121664047241
SG_016542,0.1763542145490646
SG_016545,0.1392848789691925
SG_016547,0.1555323302745819
SG_016548,0.1432700306177139
SG_016554,0.2778722047805786
SG_016562,0.2184165716171264
SG_016563,0.1627743989229202
SG_016566,0.1008530855178833
SG_016567,0.17323037981987
SG_016580,0.1146319732069969
SG_016581,0.1596798151731491
SG_016585,0.1538373082876205
SG_016600,0.1805937588214874
SG_016603,0.1797047257423401
SG_016604,0.1110075637698173
SG_016606,0.1715659946203231
SG_016609,0.1805785000324249
SG_016612,0.1940929293632507
SG_016613,0.1611650288105011
SG_016614,0.2362621873617172
SG_016623,0.1233808398246765
SG_016625,0.2400315701961517
SG_016632,0.1730629354715347
SG_016634,0.164800614118576
SG_016637,0.1882466822862625
SG_016641,0.1978732645511627
SG_016646,0.1619105637073516
SG_016647,0.1225278601050376
SG_016660,0.0846891701221466
SG_016662,0.1988326758146286
SG_016670,0.1859469562768936
SG_016671,0.1645169556140899
SG_016673,0.1443710923194885
SG_016675,0.1770037561655044
SG_016685,0.202956885099411
SG_016689,0.2096088677644729
SG_016690,0.1858911663293838
SG_016691,0.0706546381115913
SG_016692,0.2132610976696014
SG_016696,0.2176390886306762
SG_016698,0.0572003871202468
SG_016699,0.0973521545529365
SG_016703,0.1563962697982788
SG_016704,0.2071511596441269
SG_016705,0.1671016961336136
SG_016708,0.1898016035556793
SG_016710,0.1417345106601715
SG_016711,0.1688872277736663
SG_016714,0.2131790220737457
SG_016716,0.0997384041547775
SG_016719,0.1188433170318603
SG_016720,0.0922229811549186
SG_016721,0.1589853316545486
SG_016723,0.1097565069794654
SG_016732,0.2409379631280899
SG_016733,0.267397403717041
SG_016736,0.1030948832631111
SG_016737,0.1517053097486496
SG_016738,0.1606059670448303
SG_016741,0.2053091377019882
SG_016745,0.1803831458091735
SG_016746,0.1545631885528564
SG_016752,0.1735144257545471
SG_016754,0.1058234795928001
SG_016758,0.1206864193081855
SG_016763,0.1412661224603653
SG_016765,0.2128129005432129
SG_016769,0.1322575211524963
SG_016776,0.2234218120574951
SG_016778,0.2757121324539184
SG_016779,0.2534875869750976
SG_016780,0.2452889084815979
SG_016783,0.2527777850627899
SG_016785,0.1572339087724685
SG_016786,0.1920097470283508
SG_016792,0.2176827788352966
SG_016793,0.0954440087080001
SG_016794,0.1387217342853546
SG_016805,0.1232736185193061
SG_016807,0.1590838432312011
SG_016810,0.1718394160270691
SG_016813,0.146356850862503
SG_016818,0.1323134154081344
SG_016819,0.1236107945442199
SG_016823,0.2302932888269424
SG_016827,0.2203320264816284
SG_016828,0.1433651149272918
SG_016832,0.1974990218877792
SG_016834,0.2835999131202698
SG_016837,0.1898289173841476
SG_016840,0.1345939338207245
SG_016843,0.1970067173242569
SG_016847,0.1584004908800125
SG_016849,0.1048412322998046
SG_016851,0.1740542352199554
SG_016857,0.1273002326488495
SG_016858,0.2005464732646942
SG_016859,0.1319442689418792
SG_016861,0.1894899159669876
SG_016863,0.1595381945371627
SG_016874,0.3832854926586151
SG_016877,0.0944721773266792
SG_016881,0.2191569656133651
SG_016885,0.1795703619718551
SG_016887,0.2221367359161377
SG_016888,0.1800528019666671
SG_016891,0.1320743113756179
SG_016893,0.12115478515625
SG_016895,0.2236616909503936
SG_016900,0.1592650860548019
SG_016902,0.1758129894733429
SG_016904,0.1613879650831222
SG_016909,0.1345104277133941
SG_016911,0.2398857474327087
SG_016924,0.1091014817357063
SG_016925,0.1486622393131256
SG_016928,0.1941231042146682
SG_016937,0.0527528226375579
SG_016939,0.2154033184051513
SG_016941,0.1792546957731247
SG_016944,0.1978961527347564
SG_016946,0.1789699345827102
SG_016951,0.154304563999176
SG_016961,0.3215134739875793
SG_016963,0.1900150030851364
SG_016967,0.1903770714998245
SG_016968,0.2561398148536682
SG_016971,0.2318708300590515
SG_016973,0.2327498942613601
SG_016974,0.1509982943534851
SG_016975,0.2469621896743774
SG_016976,0.1375033408403396
SG_016986,0.1599887162446975
SG_016989,0.1754649728536605
SG_016990,0.2266142517328262
SG_017003,0.1786213219165802
SG_017005,0.1244025900959968
SG_017006,0.0791127234697341
SG_017016,0.1278296262025833
SG_017018,0.1682165563106537
SG_017021,0.1137756034731864
SG_017026,0.1293095797300338
SG_017028,0.1271978318691253
SG_017040,0.1572378277778625
SG_017043,0.1776169836521148
SG_017044,0.243192434310913
SG_017046,0.2206636220216751
SG_017048,0.1346906423568725
SG_017049,0.1049331501126289
SG_017050,0.1204845979809761
SG_017055,0.1993490159511566
SG_017056,0.1445715129375457
SG_017062,0.1133148819208145
SG_017067,0.1361085027456283
SG_017070,0.166634976863861
SG_017071,0.2174790501594543
SG_017076,0.1704365909099578
SG_017077,0.1803899705410003
SG_017079,0.0969986170530319
SG_017080,0.1056661382317543
SG_017085,0.2535519599914551
SG_017098,0.1376987844705581
SG_017103,0.1723108738660812
SG_017110,0.1853559166193008
SG_017111,0.337559700012207
SG_017114,0.1123152524232864
SG_017116,0.3212867379188537
SG_017123,0.086344875395298
SG_017124,0.1688902080059051
SG_017126,0.1328203231096267
SG_017127,0.1254060268402099
SG_017130,0.1847964376211166
SG_017139,0.2493431568145752
SG_017144,0.1552713364362716
SG_017145,0.1594182401895523
SG_017146,0.1967727541923523
SG_017154,0.1742191612720489
SG_017158,0.2104456424713134
SG_017170,0.2030522376298904
SG_017171,0.2047632932662964
SG_017172,0.097970463335514
SG_017182,0.0915012285113334
SG_017187,0.1270985156297683
SG_017190,0.190681979060173
SG_017192,0.1427803784608841
SG_017193,0.1341850459575653
SG_017195,0.1992111802101135
SG_017202,0.1551094055175781
SG_017206,0.1694962829351425
SG_017208,0.1867545396089553
SG_017213,0.1847136318683624
SG_017218,0.1105533391237258
SG_017220,0.1965029537677765
SG_017223,0.1861020624637603
SG_017224,0.2272156178951263
SG_017225,0.1884063780307769
SG_017227,0.1377851665019989
SG_017228,0.1965128034353256
SG_017230,0.1293296664953231
SG_017232,0.2695412635803222
SG_017235,0.2068586498498916
SG_017239,0.2138123959302902
SG_017241,0.2099156081676483
SG_017245,0.123363509774208
SG_017250,0.2847185134887695
SG_017254,0.1017946824431419
SG_017255,0.1628125756978988
SG_017266,0.1047092303633689
SG_017269,0.1416897177696228
SG_017272,0.1361454129219055
SG_017276,0.1580744236707687
SG_017279,0.100673109292984
SG_017281,0.1030862852931022
SG_017287,0.1970084458589553
SG_017288,0.1481861770153045
SG_017292,0.1667795181274414
SG_017294,0.1806363612413406
SG_017296,0.0850816518068313
SG_017303,0.1166661009192466
SG_017304,0.1381578147411346
SG_017309,0.2139858901500702
SG_017311,0.1466304659843444
SG_017316,0.0713776275515556
SG_017317,0.2135295867919922
SG_017318,0.2145396769046783
SG_017323,0.1972981840372085
SG_017328,0.1775567680597305
SG_017338,0.1429201960563659
SG_017339,0.2430513948202133
SG_017347,0.2024251371622085
SG_017348,0.0847204476594924
SG_017349,0.109083391726017
SG_017350,0.1164576038718223
SG_017354,0.1493094712495803
SG_017358,0.2186389714479446
SG_017360,0.0800555348396301
SG_017361,0.1365055739879608
SG_017364,0.2227969467639923
SG_017368,0.1273469924926757
SG_017373,0.1709512025117874
SG_017376,0.2098240405321121
SG_017383,0.1371041238307953
SG_017385,0.1544528007507324
SG_017391,0.1842944920063018
SG_017399,0.1828037947416305
SG_017402,0.0495659820735454
SG_017405,0.1823265254497528
SG_017406,0.1713812500238418
SG_017416,0.1714746803045272
SG_017419,0.1170413866639137
SG_017421,0.1408213078975677
SG_017423,0.2609142661094665
SG_017425,0.166858434677124
SG_017428,0.1754598468542099
SG_017431,0.1920378506183624
SG_017432,0.2044713348150253
SG_017438,0.310720294713974
SG_017439,0.0644038543105125
SG_017445,0.0595359504222869
SG_017448,0.0621749684214592
SG_017452,0.1607275754213333
SG_017454,0.2381983399391174
SG_017457,0.1481531262397766
SG_017458,0.2351977974176406
SG_017464,0.1407625675201416
SG_017465,0.1280495822429657
SG_017466,0.256581038236618
SG_017467,0.2853501141071319
SG_017475,0.1585890054702758
SG_017479,0.2001282125711441
SG_017480,0.0540171489119529
SG_017481,0.1966227442026138
SG_017482,0.1291405856609344
SG_017484,0.1543299853801727
SG_017486,0.1759378165006637
SG_017501,0.1481637358665466
SG_017504,0.1775274872779846
SG_017507,0.1846739500761032
SG_017509,0.1904174089431762
SG_017513,0.110931172966957
SG_017514,0.1813294142484665
SG_017516,0.0859319642186164
SG_017518,0.1044276058673858
SG_017521,0.1901321709156036
SG_017526,0.1914827972650528
SG_017529,0.1033895686268806
SG_017532,0.0977576225996017
SG_017535,0.1655407696962356
SG_017537,0.1155528128147125
SG_017538,0.1449122726917266
SG_017542,0.147933691740036
SG_017545,0.331602543592453
SG_017549,0.2580881118774414
SG_017557,0.259316623210907
SG_017559,0.1798296123743057
SG_017560,0.1310396045446396
SG_017562,0.1661136150360107
SG_017563,0.218131422996521
SG_017565,0.2528464198112488
SG_017572,0.1424785703420639
SG_017575,0.31236532330513
SG_017577,0.17763452231884
SG_017578,0.1046202555298805
SG_017579,0.2452199012041092
SG_017580,0.1228798776865005
SG_017581,0.2233013957738876
SG_017589,0.1768461167812347
SG_017590,0.138472780585289
SG_017594,0.2049635350704193
SG_017597,0.1492845565080642
SG_017604,0.2724102735519409
SG_017605,0.1714368462562561
SG_017606,0.179475650191307
SG_017607,0.131952553987503
SG_017611,0.191468134522438
SG_017615,0.1361893564462661
SG_017616,0.1285861432552337
SG_017617,0.2985321879386902
SG_017621,0.1852470785379409
SG_017622,0.1761759668588638
SG_017629,0.147238940000534
SG_017630,0.1563686579465866
SG_017634,0.131522387266159
SG_017639,0.1765380203723907
SG_017642,0.1472607553005218
SG_017646,0.2217561602592468
SG_017657,0.2310943901538849
SG_017658,0.1998826116323471
SG_017667,0.1367626190185547
SG_017673,0.1690180003643036
SG_017674,0.1873079389333725
SG_017677,0.0769727975130081
SG_017679,0.1391806304454803
SG_017683,0.1356160044670105
SG_017687,0.0797793343663215
SG_017689,0.2394013851881027
SG_017691,0.1030933633446693
SG_017693,0.2006970793008804
SG_017696,0.1518477350473404
SG_017697,0.1542685627937317
SG_017702,0.1035312116146087
SG_017703,0.2869153916835785
SG_017709,0.0816897749900817
SG_017714,0.1876920908689499
SG_017715,0.2704453766345978
SG_017718,0.1726837158203125
SG_017719,0.13052499294281
SG_017728,0.2335656136274337
SG_017729,0.1626849621534347
SG_017739,0.1645030677318573
SG_017743,0.1295780539512634
SG_017745,0.0981014668941497
SG_017746,0.0905580222606659
SG_017749,0.2465337663888931
SG_017750,0.2121361345052719
SG_017754,0.1603823751211166
SG_017757,0.1997584253549575
SG_017760,0.3019006848335266
SG_017774,0.1631419658660888
SG_017775,0.1083782762289047
SG_017776,0.1792740523815155
SG_017777,0.2169686108827591
SG_017778,0.1803688704967498
SG_017781,0.1566864401102066
SG_017782,0.192325934767723
SG_017789,0.2493509203195572
SG_017795,0.152877002954483
SG_017798,0.2257973402738571
SG_017811,0.183121383190155
SG_017817,0.1276225596666336
SG_017819,0.174687847495079
SG_017822,0.1934961080551147
SG_017827,0.1501839011907577
SG_017830,0.2830266058444977
SG_017832,0.1455748230218887
SG_017834,0.2313919514417648
SG_017838,0.1466981321573257
SG_017840,0.2096334397792816
SG_017847,0.1556384265422821
SG_017851,0.2050188332796096
SG_017855,0.2124843150377273
SG_017862,0.0513368807733058
SG_017865,0.1363381743431091
SG_017866,0.1859623938798904
SG_017867,0.1261713206768036
SG_017878,0.1508998274803161
SG_017879,0.0817933157086372
SG_017880,0.1397327184677124
SG_017881,0.1443655341863632
SG_017882,0.1863220632076263
SG_017886,0.1494004279375076
SG_017888,0.1265312880277633
SG_017889,0.1603468507528305
SG_017895,0.1916121393442154
SG_017900,0.1867649853229522
SG_017902,0.2010801136493683
SG_017907,0.2915571928024292
SG_017909,0.1428376585245132
SG_017910,0.1320999711751938
SG_017913,0.1693330407142639
SG_017914,0.1694960743188858
SG_017917,0.2447302788496017
SG_017918,0.2949729859828949
SG_017919,0.1025692299008369
SG_017920,0.2318876534700393
SG_017936,0.1350378543138504
SG_017938,0.1733444482088089
SG_017945,0.2235425114631652
SG_017947,0.1817779242992401
SG_017949,0.122115172445774
SG_017956,0.2508936524391174
SG_017958,0.1982122510671615
SG_017960,0.2029553204774856
SG_017965,0.1227245107293129
SG_017971,0.1565458476543426
SG_017973,0.3373299837112427
SG_017978,0.31910040974617
SG_017981,0.1265396326780319
SG_017985,0.235391154885292
SG_017987,0.1788665056228637
SG_017991,0.1777124851942062
SG_017992,0.2441474646329879
SG_018002,0.1795306652784347
SG_018003,0.2571720778942108
SG_018005,0.1407346427440643
SG_018014,0.1564188599586486
SG_018015,0.171926200389862
SG_018016,0.1907113343477249
SG_018017,0.3108924031257629
SG_018024,0.1459163129329681
SG_018028,0.161269262433052
SG_018032,0.1534250229597091
SG_018033,0.1905631273984909
SG_018037,0.1411588191986084
SG_018040,0.1802259236574173
SG_018042,0.0971512123942375
SG_018046,0.1292825937271118
SG_018050,0.2910417318344116
SG_018055,0.2433636337518692
SG_018056,0.179177239537239
SG_018061,0.1616773307323455
SG_018063,0.173196941614151
SG_018064,0.1864151358604431
SG_018067,0.1255438178777694
SG_018072,0.1936953216791153
SG_018073,0.1848927289247512
SG_018074,0.2601129710674286
SG_018076,0.1949646770954132
SG_018080,0.1140555143356323
SG_018084,0.2377834469079971
SG_018088,0.1939404755830764
SG_018090,0.1434119939804077
SG_018092,0.1538764387369156
SG_018094,0.1703106760978698
SG_018096,0.1338298320770263
SG_018100,0.23556549847126
SG_018109,0.2589603364467621
SG_018111,0.1754277199506759
SG_018120,0.219853937625885
SG_018124,0.4518055319786072
SG_018125,0.2170054614543914
SG_018130,0.1531853973865509
SG_018132,0.1969731301069259
SG_018134,0.1671647429466247
SG_018140,0.1753460466861724
SG_018144,0.1333345472812652
SG_018146,0.2231298089027404
SG_018150,0.1808036863803863
SG_018154,0.3282038569450378
SG_018155,0.1586522161960601
SG_018160,0.0770762041211128
SG_018165,0.1424672156572342
SG_018166,0.1020749136805534
SG_018170,0.1185633316636085
SG_018174,0.222891479730606
SG_018175,0.0841951444745063
SG_018178,0.1390491127967834
SG_018181,0.1568807512521743
SG_018186,0.1182519271969795
SG_018188,0.1611371487379074
SG_018195,0.1037708893418312
SG_018198,0.1731716990470886
SG_018201,0.074197806417942
SG_018206,0.1979817897081375
SG_018208,0.1493856608867645
SG_018214,0.3773373663425445
SG_018215,0.2893596291542053
SG_018216,0.2347340732812881
SG_018221,0.2349436283111572
SG_018224,0.096959114074707
SG_018228,0.1710064262151718
SG_018229,0.1140559986233711
SG_018238,0.1191069856286048
SG_018241,0.0704220607876777
SG_018246,0.140319749712944
SG_018247,0.1682482361793518
SG_018252,0.290799081325531
SG_018253,0.1424956619739532
SG_018259,0.2573114931583404
SG_018261,0.1276539266109466
SG_018263,0.1473254859447479
SG_018266,0.1759527623653412
SG_018269,0.1903783529996872
SG_018270,0.1843062043190002
SG_018276,0.1849319636821746
SG_018278,0.2067986726760864
SG_018281,0.1600864082574844
SG_018282,0.2217060178518295
SG_018284,0.1639697849750518
SG_018286,0.1318159252405166
SG_018287,0.1624032109975814
SG_018294,0.0852432027459144
SG_018297,0.1168102324008941
SG_018303,0.229790911078453
SG_018305,0.1969884485006332
SG_018307,0.1466133296489715
SG_018312,0.1793292909860611
SG_018316,0.148662731051445
SG_018321,0.1653396338224411
SG_018322,0.1685774028301239
SG_018325,0.0663630738854408
SG_018327,0.1218159273266792
SG_018330,0.1602770835161209
SG_018334,0.1261346936225891
SG_018336,0.2025460451841354
SG_018338,0.2483932077884674
SG_018341,0.1281268000602722
SG_018342,0.1565517485141754
SG_018347,0.1496607363224029
SG_018348,0.1932025253772735
SG_018351,0.1739175468683242
SG_018360,0.3450757265090942
SG_018361,0.1873071938753128
SG_018364,0.1801446080207824
SG_018366,0.1736529916524887
SG_018368,0.2481312304735183
SG_018372,0.2039919942617416
SG_018379,0.1493371874094009
SG_018381,0.1817410886287689
SG_018386,0.1221604719758033
SG_018387,0.2345430105924606
SG_018388,0.1947377026081085
SG_018394,0.2471686154603958
SG_018407,0.1201289147138595
SG_018410,0.1658502668142318
SG_018411,0.1376629322767257
SG_018417,0.2484125345945358
SG_018418,0.1376839876174926
SG_018420,0.1713646948337555
SG_018422,0.1599282473325729
SG_018424,0.2374614030122757
SG_018426,0.0876889526844024
SG_018427,0.1438903659582138
SG_018430,0.1456752717494964
SG_018433,0.1747316569089889
SG_018434,0.1952564269304275
SG_018436,0.2429772019386291
SG_018441,0.1690891683101654
SG_018442,0.1606910973787307
SG_018445,0.1480761617422104
SG_018448,0.1957716345787048
SG_018452,0.0854669734835624
SG_018455,0.2414517104625702
SG_018458,0.1107291355729103
SG_018462,0.2724596560001373
SG_018468,0.1901171803474426
SG_018469,0.1829807013273239
SG_018470,0.1720314025878906
SG_018471,0.2148913294076919
SG_018472,0.242513507604599
SG_018474,0.0594140030443668
SG_018476,0.2397362738847732
SG_018481,0.1970773637294769
SG_018485,0.1817922890186309
SG_018487,0.1858430504798889
SG_018490,0.0893385037779808
SG_018491,0.1301647722721099
SG_018493,0.1945796310901641
SG_018494,0.1617733240127563
SG_018497,0.1813456267118454
SG_018501,0.1119487136602401
SG_018503,0.142700582742691
SG_018505,0.1511588096618652
SG_018506,0.1827187240123748
SG_018510,0.1469170153141021
SG_018511,0.1756222546100616
SG_018514,0.1962750107049942
SG_018519,0.1638092547655105
SG_018520,0.0835821256041526
SG_018524,0.1805191785097122
SG_018525,0.0829245895147323
SG_018526,0.1323084384202957
SG_018529,0.1827778369188308
SG_018531,0.2204077094793319
SG_018534,0.1684317737817764
SG_018536,0.1153399497270584
SG_018537,0.1930279582738876
SG_018543,0.170910969376564
SG_018544,0.1597973406314849
SG_018547,0.1224650517106056
SG_018548,0.1257167905569076
SG_018549,0.1836407929658889
SG_018553,0.1207936704158783
SG_018555,0.1814510375261306
SG_018558,0.1603647023439407
SG_018566,0.0843114554882049
SG_018568,0.171045571565628
SG_018569,0.0846772715449333
SG_018573,0.1843888014554977
SG_018576,0.1743619740009308
SG_018579,0.1056050062179565
SG_018587,0.1659902185201645
SG_018591,0.1780369132757187
SG_018594,0.1447403281927108
SG_018601,0.2525821030139923
SG_018603,0.1964654922485351
SG_018608,0.1648300290107727
SG_018611,0.163363367319107
SG_018612,0.2334437221288681
SG_018615,0.1427724212408065
SG_018617,0.1348755210638046
SG_018621,0.1470803618431091
SG_018623,0.2204365283250808
SG_018624,0.2038050591945648
SG_018631,0.1002619564533233
SG_018636,0.1540331989526748
SG_018637,0.1488220691680908
SG_018639,0.294399619102478
SG_018644,0.0801136270165443
SG_018645,0.1621549725532531
SG_018647,0.2675197720527649
SG_018650,0.2480330914258957
SG_018651,0.1688523739576339
SG_018662,0.1531257480382919
SG_018663,0.187635526061058
SG_018664,0.1966939568519592
SG_018665,0.1988514065742492
SG_018670,0.3057794272899627
SG_018676,0.1840981543064117
SG_018677,0.1236488372087478
SG_018678,0.1737052649259567
SG_018680,0.1752261966466903
SG_018685,0.1503522396087646
SG_018686,0.2716825306415558
SG_018687,0.1963486522436142
SG_018688,0.1360619664192199
SG_018689,0.1919142454862594
SG_018693,0.1814212650060653
SG_018694,0.1155572012066841
SG_018697,0.2209607362747192
SG_018703,0.1619538217782974
SG_018705,0.1428319662809372
SG_018709,0.0802227482199668
SG_018710,0.3461360335350036
SG_018711,0.1827084124088287
SG_018717,0.0869344845414161
SG_018721,0.1709828227758407
SG_018722,0.1634205132722854
SG_018731,0.1905198097229004
SG_018733,0.2252581715583801
SG_018738,0.1288124620914459
SG_018744,0.1721136271953582
SG_018745,0.2156562656164169
SG_018748,0.1420401781797409
SG_018756,0.2946052551269531
SG_018758,0.199599340558052
SG_018761,0.1509100794792175
SG_018765,0.1339103877544403
SG_018766,0.3335958421230316
SG_018767,0.1340896338224411
SG_018768,0.1685300469398498
SG_018770,0.1772118657827377
SG_018779,0.145514890551567
SG_018787,0.1755330711603164
SG_018788,0.2197606414556503
SG_018789,0.1445015966892242
SG_018791,0.1821009367704391
SG_018792,0.2020466923713684
SG_018793,0.0892992690205574
SG_018798,0.203296959400177
SG_018799,0.1872402876615524
SG_018800,0.111050508916378
SG_018803,0.1325302273035049
SG_018806,0.223896250128746
SG_018809,0.1073788851499557
SG_018811,0.1738316565752029
SG_018817,0.144160971045494
SG_018818,0.1517883539199829
SG_018821,0.0617239959537982
SG_018822,0.1401636004447937
SG_018823,0.1657337695360183
SG_018826,0.2454673796892166
SG_018831,0.1066790074110031
SG_018834,0.1699541360139846
SG_018837,0.175190582871437
SG_018838,0.2146620452404022
SG_018842,0.1676695942878723
SG_018843,0.3045140504837036
SG_018847,0.1553487479686737
SG_018850,0.1508552432060241
SG_018852,0.1828590631484985
SG_018853,0.1078209653496742
SG_018859,0.2927587032318115
SG_018861,0.1962756216526031
SG_018875,0.1254123300313949
SG_018883,0.1625564992427826
SG_018885,0.1113612651824951
SG_018889,0.1668116152286529
SG_018890,0.0974118411540985
SG_018894,0.1904962211847305
SG_018895,0.2737185955047607
SG_018899,0.1410650461912155
SG_018901,0.1838968694210052
SG_018902,0.1760455965995788
SG_018904,0.206762745976448
SG_018905,0.24561507999897
SG_018906,0.1648400872945785
SG_018907,0.2065361887216568
SG_018908,0.0945767164230346
SG_018915,0.2645151913166046
SG_018918,0.1581498235464096
SG_018920,0.1330350935459137
SG_018924,0.2338513284921646
SG_018928,0.2123518884181976
SG_018940,0.1944435685873031
SG_018941,0.1607779562473297
SG_018942,0.1958934962749481
SG_018965,0.284464031457901
SG_018966,0.0903646796941757
SG_018968,0.1661801636219024
SG_018970,0.1936514973640442
SG_018972,0.1131568551063537
SG_018978,0.1213566586375236
SG_018981,0.1079720109701156
SG_018984,0.1078071147203445
SG_018990,0.2220895439386367
SG_019006,0.2007122933864593
SG_019012,0.1871874630451202
SG_019014,0.2291714996099472
SG_019015,0.2338264435529709
SG_019016,0.2031987011432647
SG_019018,0.212851420044899
SG_019019,0.0947513207793235
SG_019023,0.2198700308799743
SG_019028,0.2574268877506256
SG_019030,0.1685530990362167
SG_019036,0.1742689311504364
SG_019038,0.1264733672142028
SG_019039,0.180663913488388
SG_019041,0.2324548065662384
SG_019042,0.1420788317918777
SG_019044,0.2985807359218597
SG_019051,0.1661592125892639
SG_019053,0.1783029437065124
SG_019054,0.1850175559520721
SG_019058,0.2124880403280258
SG_019069,0.1862823069095611
SG_019071,0.085034891963005
SG_019082,0.1750794500112533
SG_019083,0.1313084065914154
SG_019084,0.1981144696474075
SG_019087,0.0846165120601654
SG_019092,0.157049223780632
SG_019098,0.1636515110731125
SG_019102,0.3095400631427765
SG_019105,0.2379702925682068
SG_019106,0.1984797716140747
SG_019109,0.1370539218187332
SG_019115,0.2058106660842895
SG_019117,0.2367622852325439
SG_019119,0.1256314665079116
SG_019120,0.1850220561027526
SG_019131,0.1459210664033889
SG_019142,0.2737265229225158
SG_019146,0.1595519483089447
SG_019147,0.1780642718076706
SG_019149,0.1248535439372062
SG_019150,0.2076929360628128
SG_019162,0.1769271492958068
SG_019167,0.1298508793115615
SG_019169,0.1970827877521515
SG_019171,0.0805297419428825
SG_019176,0.2345284521579742
SG_019184,0.1532772630453109
SG_019187,0.1768028885126114
SG_019190,0.1396133303642273
SG_019197,0.107847087085247
SG_019198,0.1610853374004364
SG_019201,0.1185919195413589
SG_019203,0.1988465487957
SG_019204,0.2090483009815216
SG_019208,0.1357515007257461
SG_019209,0.0943209081888198
SG_019211,0.1502531319856643
SG_019212,0.1193550378084182
SG_019217,0.1916845887899398
SG_019221,0.1418797075748443
SG_019222,0.2265326231718063
SG_019223,0.1210349947214126
SG_019225,0.1480329483747482
SG_019237,0.1955751329660415
SG_019244,0.1773705780506134
SG_019245,0.2564834952354431
SG_019246,0.0835610479116439
SG_019247,0.1166637390851974
SG_019248,0.1662036180496215
SG_019249,0.1832948178052902
SG_019251,0.1475997865200042
SG_019253,0.1257468611001968
SG_019254,0.1016384363174438
SG_019255,0.2694827318191528
SG_019259,0.1203078180551529
SG_019265,0.1186848059296608
SG_019266,0.2427819520235061
SG_019267,0.1859163641929626
SG_019270,0.1156690865755081
SG_019271,0.1484909206628799
SG_019272,0.1865894347429275
SG_019273,0.1474105715751648
SG_019274,0.0966393947601318
SG_019275,0.149705559015274
SG_019276,0.122761882841587
SG_019282,0.1299531608819961
SG_019286,0.1487063318490982
SG_019289,0.1790556907653808
SG_019295,0.1812659204006195
SG_019296,0.2594519555568695
SG_019298,0.0595601722598075
SG_019300,0.1686726808547973
SG_019302,0.1674854010343551
SG_019311,0.1318547874689102
SG_019314,0.2014693468809127
SG_019315,0.1403620392084121
SG_019316,0.2553530633449554
SG_019321,0.1363731771707534
SG_019325,0.1896300464868545
SG_019326,0.1993326991796493
SG_019328,0.1144557818770408
SG_019330,0.1613624542951584
SG_019333,0.1501822024583816
SG_019336,0.1808439940214157
SG_019339,0.1906100660562515
SG_019346,0.1161700561642646
SG_019352,0.1697586178779602
SG_019358,0.2691706120967865
SG_019362,0.2346521466970443
SG_019368,0.1509777456521988
SG_019371,0.1763817220926284
SG_019373,0.2827997803688049
SG_019374,0.2468900829553604
SG_019375,0.1822247505187988
SG_019376,0.1734412908554077
SG_019386,0.1815261095762252
SG_019388,0.1775058358907699
SG_019394,0.197808176279068
SG_019398,0.1831461936235427
SG_019408,0.1893027871847152
SG_019411,0.1021326929330825
SG_019419,0.3348369300365448
SG_019421,0.1630128920078277
SG_019425,0.1823482662439346
SG_019427,0.1983240842819214
SG_019428,0.218703344464302
SG_019431,0.2009776979684829
SG_019432,0.1373593211174011
SG_019433,0.1857264935970306
SG_019436,0.2312184423208236
SG_019437,0.2139743119478225
SG_019440,0.0792421698570251
SG_019442,0.1678193211555481
SG_019446,0.1671409457921981
SG_019447,0.1201687753200531
SG_019449,0.1396661251783371
SG_019452,0.0846974700689315
SG_019455,0.1779122352600097
SG_019456,0.1296747475862503
SG_019458,0.2271775156259536
SG_019466,0.1861777752637863
SG_019468,0.2919721305370331
SG_019470,0.1281713545322418
SG_019471,0.1962620019912719
SG_019473,0.1235808208584785
SG_019478,0.1818238943815231
SG_019485,0.3570791184902191
SG_019488,0.1772965043783188
SG_019489,0.1964911818504333
SG_019491,0.1855205595493316
SG_019496,0.1934920847415924
SG_019498,0.1160845682024955
SG_019510,0.2286310791969299
SG_019516,0.0819232538342475
SG_019519,0.1290603876113891
SG_019523,0.2190078347921371
SG_019527,0.1186436340212822
SG_019530,0.1436270177364349
SG_019532,0.1135010719299316
SG_019534,0.1144773885607719
SG_019540,0.1781696379184723
SG_019541,0.1599341779947281
SG_019543,0.1558618545532226
SG_019553,0.1726413369178772
SG_019558,0.1496257036924362
SG_019562,0.1114516109228134
SG_019563,0.1981327682733535
SG_019564,0.1801929771900177
SG_019567,0.1167976111173629
SG_019570,0.1901316940784454
SG_019577,0.1725970208644867
SG_019583,0.2091156840324401
SG_019585,0.151612788438797
SG_019587,0.1657906174659729
SG_019588,0.0680369883775711
SG_019591,0.1082628890872001
SG_019593,0.1030526757240295
SG_019598,0.1529767662286758
SG_019599,0.1968116611242294
SG_019602,0.2737897038459778
SG_019609,0.2414030730724334
SG_019620,0.1722088605165481
SG_019621,0.0776542127132415
SG_019624,0.2420474588871002
SG_019625,0.2188735008239746
SG_019627,0.0726104229688644
SG_019635,0.1226420328021049
SG_019638,0.1499918103218078
SG_019639,0.0873517170548439
SG_019642,0.3161528706550598
SG_019645,0.1624068915843963
SG_019647,0.2626784145832062
SG_019648,0.1412076205015182
SG_019650,0.1170281246304512
SG_019652,0.1332847326993942
SG_019654,0.2264745980501175
SG_019657,0.1401124745607376
SG_019660,0.1530141234397888
SG_019661,0.1749989241361618
SG_019662,0.168829470872879
SG_019665,0.1049348562955856
SG_019666,0.1421241015195846
SG_019667,0.1968874186277389
SG_019676,0.1278314143419265
SG_019679,0.3138870596885681
SG_019680,0.2290071696043014
SG_019683,0.2269338965415954
SG_019689,0.1241256818175315
SG_019690,0.2380782216787338
SG_019691,0.155189499258995
SG_019695,0.1520071923732757
SG_019698,0.1770912110805511
SG_019710,0.142712116241455
SG_019711,0.1565752327442169
SG_019716,0.1426646262407302
SG_019724,0.1407010853290558
SG_019727,0.1935607939958572
SG_019728,0.1239041462540626
SG_019729,0.1588803976774215
SG_019733,0.2984290719032287
SG_019738,0.1463130265474319
SG_019740,0.172465443611145
SG_019746,0.1784999817609787
SG_019747,0.1749201714992523
SG_019750,0.1536634415388107
SG_019755,0.2937248647212982
SG_019756,0.1702773571014404
SG_019761,0.1351670920848846
SG_019764,0.1193922609090805
SG_019766,0.1471465080976486
SG_019767,0.1592914313077926
SG_019769,0.2404132783412933
SG_019779,0.0929153561592102
SG_019782,0.107979267835617
SG_019783,0.1704280078411102
SG_019784,0.1506220251321792
SG_019791,0.1885790526866912
SG_019792,0.14643095433712
SG_019793,0.2585314214229584
SG_019797,0.1379168182611465
SG_019800,0.2736250162124634
SG_019801,0.1590910404920578
SG_019802,0.1289556324481964
SG_019804,0.1324651837348938
SG_019807,0.2172739952802658
SG_019809,0.2502421140670776
SG_019811,0.1731956750154495
SG_019812,0.1279738098382949
SG_019819,0.1086713671684265
SG_019828,0.1152352467179298
SG_019830,0.1218251064419746
SG_019832,0.1115607991814613
SG_019835,0.12371876090765
SG_019838,0.1455041617155075
SG_019839,0.1343055516481399
SG_019842,0.1878625005483627
SG_019846,0.1890764683485031
SG_019849,0.1202922239899635
SG_019851,0.2032183110713958
SG_019852,0.0906893089413642
SG_019853,0.1921544373035431
SG_019854,0.2608414888381958
SG_019857,0.1652616113424301
SG_019858,0.1834734231233596
SG_019859,0.2642953395843506
SG_019864,0.1783407628536224
SG_019865,0.1901984959840774
SG_019868,0.2322311997413635
SG_019869,0.2306516766548156
SG_019873,0.090302400290966
SG_019878,0.144636645913124
SG_019883,0.2116494476795196
SG_019887,0.1649637818336486
SG_019888,0.1424234360456466
SG_019895,0.1980983316898346
SG_019900,0.1430233567953109
SG_019903,0.1621823757886886
SG_019906,0.2746683061122894
SG_019909,0.0962683036923408
SG_019910,0.1289662718772888
SG_019913,0.1759509444236755
SG_019914,0.2025977969169616
SG_019921,0.1538159847259521
SG_019923,0.1815412044525146
SG_019928,0.3380627632141113
SG_019930,0.3205979168415069
SG_019933,0.1781632751226425
SG_019939,0.125629648566246
SG_019941,0.1725542098283767
SG_019944,0.1907002478837967
SG_019945,0.1976096332073211
SG_019947,0.1481029987335205
SG_019949,0.2195033878087997
SG_019950,0.1843621283769607
SG_019954,0.1694883406162262
SG_019955,0.2245301455259323
SG_019960,0.1145981475710868
SG_019961,0.2880526483058929
SG_019966,0.2428105175495147
SG_019968,0.151808276772499
SG_019970,0.1490412801504135
SG_019973,0.1491148322820663
SG_019974,0.1949646472930908
SG_019976,0.1479197442531585
SG_019978,0.1581459492444992
SG_019980,0.0876382738351821
SG_019981,0.1795796751976013
SG_019983,0.1956202089786529
SG_019984,0.1683958917856216
SG_019985,0.1351112425327301
SG_019989,0.0867757946252822
SG_019994,0.1743213087320327
SG_019998,0.1474511176347732
SG_019999,0.2677303850650787
SG_020000,0.1687752455472946
